hour	wiki	count
2026-06-13 00	buecher	280
2026-06-13 00	culios	1
2026-06-13 00	dse	1639
2026-06-13 00	fractal	1705
2026-06-13 00	support	20
2026-06-13 00	wiki4d	143
2026-06-13 01	buecher	412
2026-06-13 01	culios	1
2026-06-13 01	dse	584
2026-06-13 01	fractal	1849
2026-06-13 01	lions	1
2026-06-13 01	probier	2
2026-06-13 01	support	25
2026-06-13 01	wiki4d	160
2026-06-13 02	buecher	262
2026-06-13 02	culios	14
2026-06-13 02	dse	686
2026-06-13 02	fractal	1985
2026-06-13 02	lions	2
2026-06-13 02	nausner	4
2026-06-13 02	probier	9
2026-06-13 02	support	53
2026-06-13 02	wiki4d	195
2026-06-13 03	buecher	234
2026-06-13 03	culios	2
2026-06-13 03	dse	1356
2026-06-13 03	fractal	1914
2026-06-13 03	lions	2
2026-06-13 03	nausner	1
2026-06-13 03	probier	3
2026-06-13 03	support	42
2026-06-13 03	wiki4d	213
2026-06-13 04	buecher	244
2026-06-13 04	culios	11
2026-06-13 04	dse	1121
2026-06-13 04	fractal	2319
2026-06-13 04	lions	1
2026-06-13 04	nausner	3
2026-06-13 04	probier	12
2026-06-13 04	support	55
2026-06-13 04	wiki4d	215
2026-06-13 05	buecher	338
2026-06-13 05	culios	11
2026-06-13 05	dse	689
2026-06-13 05	fractal	2202
2026-06-13 05	nausner	1
2026-06-13 05	support	42
2026-06-13 05	wiki4d	158
2026-06-13 06	buecher	364
2026-06-13 06	culios	7
2026-06-13 06	dse	1029
2026-06-13 06	fractal	1981
2026-06-13 06	lions	1
2026-06-13 06	nausner	1
2026-06-13 06	probier	5
2026-06-13 06	support	34
2026-06-13 06	wiki4d	182
2026-06-13 07	buecher	358
2026-06-13 07	culios	14
2026-06-13 07	dse	1968
2026-06-13 07	fractal	1906
2026-06-13 07	lions	1
2026-06-13 07	nausner	1
2026-06-13 07	support	36
2026-06-13 07	wiki4d	333
2026-06-13 08	buecher	361
2026-06-13 08	culios	4
2026-06-13 08	dse	2709
2026-06-13 08	fractal	1329
2026-06-13 08	nausner	4
2026-06-13 08	probier	3
2026-06-13 08	support	63
2026-06-13 08	wiki4d	194
2026-06-13 09	buecher	361
2026-06-13 09	culios	4
2026-06-13 09	dse	3450
2026-06-13 09	fractal	1305
2026-06-13 09	support	35
2026-06-13 09	wiki4d	170
2026-06-13 10	buecher	152
2026-06-13 10	culios	9
2026-06-13 10	dse	2797
2026-06-13 10	fractal	2030
2026-06-13 10	lions	1
2026-06-13 10	nausner	3
2026-06-13 10	probier	2
2026-06-13 10	support	42
2026-06-13 10	wiki4d	181
2026-06-13 11	buecher	279
2026-06-13 11	culios	9
2026-06-13 11	dse	2804
2026-06-13 11	fractal	1983
2026-06-13 11	probier	3
2026-06-13 11	support	34
2026-06-13 11	wiki4d	267
2026-06-13 12	buecher	378
2026-06-13 12	culios	4
2026-06-13 12	dse	2361
2026-06-13 12	fractal	2288
2026-06-13 12	lions	1
2026-06-13 12	probier	1
2026-06-13 12	support	33
2026-06-13 12	wiki4d	220
2026-06-13 13	buecher	411
2026-06-13 13	culios	3
2026-06-13 13	dse	1643
2026-06-13 13	fractal	1727
2026-06-13 13	lions	1
2026-06-13 13	nausner	6
2026-06-13 13	probier	2
2026-06-13 13	support	38
2026-06-13 13	wiki4d	270
2026-06-13 14	buecher	288
2026-06-13 14	culios	6
2026-06-13 14	dse	1566
2026-06-13 14	fractal	1460
2026-06-13 14	nausner	3
2026-06-13 14	probier	5
2026-06-13 14	support	37
2026-06-13 14	wiki4d	172
2026-06-13 15	buecher	205
2026-06-13 15	culios	3
2026-06-13 15	dse	1720
2026-06-13 15	fractal	1117
2026-06-13 15	lions	2
2026-06-13 15	nausner	3
2026-06-13 15	probier	2
2026-06-13 15	support	38
2026-06-13 15	wiki4d	220
2026-06-13 16	buecher	421
2026-06-13 16	culios	15
2026-06-13 16	dse	1563
2026-06-13 16	fractal	1030
2026-06-13 16	lions	4
2026-06-13 16	nausner	1
2026-06-13 16	probier	2
2026-06-13 16	support	44
2026-06-13 16	wiki4d	195
2026-06-13 17	buecher	556
2026-06-13 17	culios	10
2026-06-13 17	dse	990
2026-06-13 17	fractal	6631
2026-06-13 17	nausner	6
2026-06-13 17	probier	2
2026-06-13 17	support	38
2026-06-13 17	wiki4d	126
2026-06-13 18	buecher	397
2026-06-13 18	culios	6
2026-06-13 18	dse	797
2026-06-13 18	fractal	1961
2026-06-13 18	nausner	1
2026-06-13 18	probier	2
2026-06-13 18	support	27
2026-06-13 18	wiki4d	164
2026-06-13 19	buecher	211
2026-06-13 19	culios	8
2026-06-13 19	dse	766
2026-06-13 19	fractal	926
2026-06-13 19	lions	3
2026-06-13 19	probier	2
2026-06-13 19	support	43
2026-06-13 19	wiki4d	111
2026-06-13 20	buecher	195
2026-06-13 20	culios	7
2026-06-13 20	dse	902
2026-06-13 20	fractal	970
2026-06-13 20	lions	1
2026-06-13 20	nausner	2
2026-06-13 20	probier	2
2026-06-13 20	support	43
2026-06-13 20	wiki4d	157
2026-06-13 21	buecher	342
2026-06-13 21	culios	13
2026-06-13 21	dse	750
2026-06-13 21	fractal	906
2026-06-13 21	lions	1
2026-06-13 21	nausner	2
2026-06-13 21	probier	4
2026-06-13 21	support	45
2026-06-13 21	wiki4d	148
2026-06-13 22	buecher	270
2026-06-13 22	culios	3
2026-06-13 22	dse	918
2026-06-13 22	fractal	883
2026-06-13 22	lions	1
2026-06-13 22	probier	1
2026-06-13 22	support	42
2026-06-13 22	wiki4d	141
2026-06-13 23	buecher	291
2026-06-13 23	culios	6
2026-06-13 23	dse	1010
2026-06-13 23	fractal	764
2026-06-13 23	nausner	2
2026-06-13 23	probier	2
2026-06-13 23	support	20
2026-06-13 23	wiki4d	141
2026-06-14 00	buecher	307
2026-06-14 00	culios	4
2026-06-14 00	dse	724
2026-06-14 00	fractal	636
2026-06-14 00	lions	1
2026-06-14 00	nausner	2
2026-06-14 00	support	18
2026-06-14 00	wiki4d	184
2026-06-14 01	buecher	302
2026-06-14 01	culios	6
2026-06-14 01	dse	905
2026-06-14 01	fractal	558
2026-06-14 01	lions	1
2026-06-14 01	probier	3
2026-06-14 01	support	20
2026-06-14 01	wiki4d	173
2026-06-14 02	buecher	278
2026-06-14 02	culios	2
2026-06-14 02	dse	1225
2026-06-14 02	fractal	654
2026-06-14 02	lions	1
2026-06-14 02	nausner	6
2026-06-14 02	probier	2
2026-06-14 02	support	18
2026-06-14 02	wiki4d	231
2026-06-14 03	buecher	257
2026-06-14 03	culios	2
2026-06-14 03	dse	1020
2026-06-14 03	fractal	738
2026-06-14 03	lions	2
2026-06-14 03	nausner	3
2026-06-14 03	probier	3
2026-06-14 03	support	29
2026-06-14 03	wiki4d	186
2026-06-14 04	buecher	200
2026-06-14 04	culios	7
2026-06-14 04	dse	678
2026-06-14 04	fractal	603
2026-06-14 04	nausner	1
2026-06-14 04	probier	2
2026-06-14 04	support	18
2026-06-14 04	wiki4d	147
2026-06-14 05	buecher	264
2026-06-14 05	culios	1
2026-06-14 05	dse	696
2026-06-14 05	fractal	594
2026-06-14 05	support	22
2026-06-14 05	wiki4d	171
2026-06-14 06	buecher	230
2026-06-14 06	culios	1
2026-06-14 06	dse	1569
2026-06-14 06	fractal	1224
2026-06-14 06	lions	2
2026-06-14 06	nausner	3
2026-06-14 06	probier	2
2026-06-14 06	support	320
2026-06-14 06	wiki4d	212
2026-06-14 07	buecher	269
2026-06-14 07	culios	7
2026-06-14 07	dse	898
2026-06-14 07	fractal	801
2026-06-14 07	lions	2
2026-06-14 07	nausner	6
2026-06-14 07	probier	5
2026-06-14 07	support	55
2026-06-14 07	wiki4d	212
2026-06-14 08	buecher	727
2026-06-14 08	culios	1
2026-06-14 08	dse	591
2026-06-14 08	fractal	1089
2026-06-14 08	lions	2
2026-06-14 08	probier	6
2026-06-14 08	support	17
2026-06-14 08	wiki4d	211
2026-06-14 09	buecher	1114
2026-06-14 09	culios	6
2026-06-14 09	dse	844
2026-06-14 09	fractal	933
2026-06-14 09	lions	10
2026-06-14 09	nausner	3
2026-06-14 09	probier	1
2026-06-14 09	support	32
2026-06-14 09	wiki4d	201
2026-06-14 10	buecher	815
2026-06-14 10	culios	4
2026-06-14 10	dse	973
2026-06-14 10	fractal	913
2026-06-14 10	lions	6
2026-06-14 10	nausner	3
2026-06-14 10	probier	3
2026-06-14 10	support	2953
2026-06-14 10	wiki4d	266
2026-06-14 11	buecher	295
2026-06-14 11	dse	1020
2026-06-14 11	fractal	1076
2026-06-14 11	lions	1
2026-06-14 11	nausner	4
2026-06-14 11	probier	4
2026-06-14 11	support	418
2026-06-14 11	wiki4d	127
2026-06-14 12	buecher	228
2026-06-14 12	culios	6
2026-06-14 12	dse	1168
2026-06-14 12	fractal	890
2026-06-14 12	lions	2
2026-06-14 12	nausner	1
2026-06-14 12	probier	1
2026-06-14 12	support	20
2026-06-14 12	wiki4d	152
2026-06-14 13	buecher	433
2026-06-14 13	culios	12
2026-06-14 13	dse	912
2026-06-14 13	fractal	4556
2026-06-14 13	lions	2
2026-06-14 13	nausner	2
2026-06-14 13	probier	4
2026-06-14 13	support	57
2026-06-14 13	wiki4d	182
2026-06-14 14	buecher	423
2026-06-14 14	culios	13
2026-06-14 14	dse	445
2026-06-14 14	fractal	6287
2026-06-14 14	lions	690
2026-06-14 14	nausner	8
2026-06-14 14	probier	1
2026-06-14 14	support	47
2026-06-14 14	wiki4d	164
2026-06-14 15	buecher	272
2026-06-14 15	culios	851
2026-06-14 15	dse	370
2026-06-14 15	fractal	5460
2026-06-14 15	nausner	3
2026-06-14 15	probier	6
2026-06-14 15	support	32
2026-06-14 15	wiki4d	144
2026-06-14 16	buecher	276
2026-06-14 16	culios	3
2026-06-14 16	dse	1193
2026-06-14 16	fractal	1283
2026-06-14 16	lions	649
2026-06-14 16	nausner	6
2026-06-14 16	probier	3
2026-06-14 16	support	129
2026-06-14 16	wiki4d	165
2026-06-14 17	buecher	380
2026-06-14 17	culios	9
2026-06-14 17	dse	1207
2026-06-14 17	fractal	1088
2026-06-14 17	lions	3
2026-06-14 17	nausner	5
2026-06-14 17	probier	15
2026-06-14 17	support	18
2026-06-14 17	wiki4d	151
2026-06-14 18	buecher	472
2026-06-14 18	culios	3
2026-06-14 18	dse	708
2026-06-14 18	fractal	886
2026-06-14 18	lions	2
2026-06-14 18	nausner	3
2026-06-14 18	probier	4
2026-06-14 18	support	27
2026-06-14 18	wiki4d	206
2026-06-14 19	buecher	296
2026-06-14 19	culios	5
2026-06-14 19	dse	1973
2026-06-14 19	fractal	1021
2026-06-14 19	lions	2
2026-06-14 19	nausner	6
2026-06-14 19	probier	15
2026-06-14 19	support	30
2026-06-14 19	wiki4d	156
2026-06-14 20	buecher	379
2026-06-14 20	culios	6
2026-06-14 20	dse	1010
2026-06-14 20	fractal	808
2026-06-14 20	lions	1
2026-06-14 20	nausner	3
2026-06-14 20	probier	3
2026-06-14 20	support	22
2026-06-14 20	wiki4d	125
2026-06-14 21	buecher	433
2026-06-14 21	culios	4
2026-06-14 21	dse	649
2026-06-14 21	fractal	817
2026-06-14 21	nausner	2
2026-06-14 21	probier	5
2026-06-14 21	support	24
2026-06-14 21	wiki4d	172
2026-06-14 22	buecher	310
2026-06-14 22	culios	1
2026-06-14 22	dse	614
2026-06-14 22	fractal	939
2026-06-14 22	nausner	5
2026-06-14 22	support	23
2026-06-14 22	wiki4d	182
2026-06-14 23	buecher	248
2026-06-14 23	culios	7
2026-06-14 23	dse	655
2026-06-14 23	fractal	1029
2026-06-14 23	lions	2
2026-06-14 23	nausner	3
2026-06-14 23	probier	3
2026-06-14 23	support	18
2026-06-14 23	wiki4d	186
2026-06-15 00	buecher	257
2026-06-15 00	culios	9
2026-06-15 00	dse	636
2026-06-15 00	fractal	870
2026-06-15 00	lions	4
2026-06-15 00	nausner	13
2026-06-15 00	probier	2
2026-06-15 00	support	33
2026-06-15 00	wiki4d	189
2026-06-15 01	buecher	356
2026-06-15 01	culios	1
2026-06-15 01	dse	397
2026-06-15 01	fractal	609
2026-06-15 01	lions	1
2026-06-15 01	nausner	3
2026-06-15 01	probier	1
2026-06-15 01	support	19
2026-06-15 01	wiki4d	153
2026-06-15 02	buecher	185
2026-06-15 02	culios	1
2026-06-15 02	dse	482
2026-06-15 02	fractal	870
2026-06-15 02	lions	4
2026-06-15 02	nausner	4
2026-06-15 02	probier	2
2026-06-15 02	support	15
2026-06-15 02	wiki4d	178
2026-06-15 03	buecher	179
2026-06-15 03	dse	597
2026-06-15 03	fractal	1393
2026-06-15 03	lions	20
2026-06-15 03	nausner	2
2026-06-15 03	probier	14
2026-06-15 03	support	23
2026-06-15 03	wiki4d	167
2026-06-15 04	buecher	214
2026-06-15 04	dse	776
2026-06-15 04	fractal	1821
2026-06-15 04	lions	2
2026-06-15 04	nausner	4
2026-06-15 04	probier	4
2026-06-15 04	support	19
2026-06-15 04	wiki4d	210
2026-06-15 05	buecher	282
2026-06-15 05	culios	1
2026-06-15 05	dse	813
2026-06-15 05	fractal	1214
2026-06-15 05	nausner	5
2026-06-15 05	probier	4
2026-06-15 05	support	19
2026-06-15 05	wiki4d	180
2026-06-15 06	buecher	209
2026-06-15 06	culios	2
2026-06-15 06	dse	810
2026-06-15 06	fractal	1564
2026-06-15 06	lions	2
2026-06-15 06	nausner	1
2026-06-15 06	probier	2
2026-06-15 06	support	36
2026-06-15 06	wiki4d	191
2026-06-15 07	buecher	215
2026-06-15 07	culios	3
2026-06-15 07	dse	720
2026-06-15 07	fractal	1193
2026-06-15 07	nausner	8
2026-06-15 07	support	24
2026-06-15 07	wiki4d	149
2026-06-15 08	buecher	173
2026-06-15 08	culios	3
2026-06-15 08	dse	595
2026-06-15 08	fractal	1228
2026-06-15 08	lions	2
2026-06-15 08	nausner	2
2026-06-15 08	probier	3
2026-06-15 08	support	11
2026-06-15 08	wiki4d	250
2026-06-15 09	buecher	164
2026-06-15 09	culios	2
2026-06-15 09	dse	785
2026-06-15 09	fractal	1246
2026-06-15 09	lions	1
2026-06-15 09	nausner	3
2026-06-15 09	probier	9
2026-06-15 09	support	43
2026-06-15 09	wiki4d	293
2026-06-15 10	buecher	210
2026-06-15 10	culios	3
2026-06-15 10	dse	480
2026-06-15 10	fractal	1418
2026-06-15 10	lions	2
2026-06-15 10	nausner	1
2026-06-15 10	probier	44
2026-06-15 10	support	378
2026-06-15 10	wiki4d	227
2026-06-15 11	buecher	199
2026-06-15 11	culios	3
2026-06-15 11	dse	641
2026-06-15 11	fractal	1406
2026-06-15 11	nausner	5
2026-06-15 11	probier	26
2026-06-15 11	support	810
2026-06-15 11	wiki4d	184
2026-06-15 12	buecher	202
2026-06-15 12	culios	5
2026-06-15 12	dse	1833
2026-06-15 12	fractal	1315
2026-06-15 12	lions	5
2026-06-15 12	nausner	2
2026-06-15 12	probier	43
2026-06-15 12	support	26
2026-06-15 12	wiki4d	198
2026-06-15 13	buecher	325
2026-06-15 13	culios	13
2026-06-15 13	dse	1154
2026-06-15 13	fractal	1466
2026-06-15 13	lions	1
2026-06-15 13	nausner	6
2026-06-15 13	probier	36
2026-06-15 13	support	20
2026-06-15 13	wiki4d	141
2026-06-15 14	buecher	304
2026-06-15 14	culios	3
2026-06-15 14	dse	641
2026-06-15 14	fractal	1433
2026-06-15 14	lions	3
2026-06-15 14	nausner	8
2026-06-15 14	probier	5
2026-06-15 14	support	227
2026-06-15 14	wiki4d	180
2026-06-15 15	buecher	296
2026-06-15 15	culios	3
2026-06-15 15	dse	827
2026-06-15 15	fractal	1376
2026-06-15 15	lions	1
2026-06-15 15	nausner	3
2026-06-15 15	probier	1
2026-06-15 15	support	117
2026-06-15 15	wiki4d	185
2026-06-15 16	buecher	428
2026-06-15 16	culios	8
2026-06-15 16	dse	905
2026-06-15 16	fractal	1764
2026-06-15 16	lions	4
2026-06-15 16	nausner	6
2026-06-15 16	support	28
2026-06-15 16	wiki4d	220
2026-06-15 17	buecher	481
2026-06-15 17	culios	3
2026-06-15 17	dse	884
2026-06-15 17	fractal	1432
2026-06-15 17	nausner	2
2026-06-15 17	probier	4
2026-06-15 17	support	10
2026-06-15 17	wiki4d	168
2026-06-15 18	buecher	545
2026-06-15 18	culios	3
2026-06-15 18	dse	896
2026-06-15 18	fractal	1151
2026-06-15 18	lions	3
2026-06-15 18	nausner	1
2026-06-15 18	support	20
2026-06-15 18	wiki4d	211
2026-06-15 19	buecher	302
2026-06-15 19	culios	2
2026-06-15 19	dse	847
2026-06-15 19	fractal	1094
2026-06-15 19	lions	1
2026-06-15 19	nausner	8
2026-06-15 19	probier	3
2026-06-15 19	support	24
2026-06-15 19	wiki4d	186
2026-06-15 20	buecher	278
2026-06-15 20	culios	1
2026-06-15 20	dse	677
2026-06-15 20	fractal	1145
2026-06-15 20	lions	2
2026-06-15 20	probier	3
2026-06-15 20	support	55
2026-06-15 20	wiki4d	147
2026-06-15 21	buecher	352
2026-06-15 21	culios	5
2026-06-15 21	dse	606
2026-06-15 21	fractal	1477
2026-06-15 21	nausner	8
2026-06-15 21	probier	2
2026-06-15 21	support	39
2026-06-15 21	wiki4d	162
2026-06-15 22	buecher	292
2026-06-15 22	culios	1
2026-06-15 22	dse	561
2026-06-15 22	fractal	1839
2026-06-15 22	nausner	2
2026-06-15 22	probier	5
2026-06-15 22	support	12
2026-06-15 22	wiki4d	236
2026-06-15 23	buecher	334
2026-06-15 23	dse	403
2026-06-15 23	fractal	1301
2026-06-15 23	nausner	7
2026-06-15 23	probier	7
2026-06-15 23	support	13
2026-06-15 23	wiki4d	139
2026-06-16 00	buecher	409
2026-06-16 00	culios	16
2026-06-16 00	dse	483
2026-06-16 00	fractal	1381
2026-06-16 00	lions	1
2026-06-16 00	nausner	2
2026-06-16 00	probier	5
2026-06-16 00	support	12
2026-06-16 00	wiki4d	168
2026-06-16 01	buecher	407
2026-06-16 01	culios	5
2026-06-16 01	dse	600
2026-06-16 01	fractal	1567
2026-06-16 01	nausner	14
2026-06-16 01	probier	6
2026-06-16 01	support	22
2026-06-16 01	wiki4d	178
2026-06-16 02	buecher	311
2026-06-16 02	culios	4
2026-06-16 02	dse	541
2026-06-16 02	fractal	1500
2026-06-16 02	lions	1
2026-06-16 02	nausner	9
2026-06-16 02	probier	5
2026-06-16 02	support	25
2026-06-16 02	wiki4d	166
2026-06-16 03	buecher	394
2026-06-16 03	culios	2
2026-06-16 03	dse	597
2026-06-16 03	fractal	902
2026-06-16 03	nausner	6
2026-06-16 03	probier	3
2026-06-16 03	support	26
2026-06-16 03	wiki4d	164
2026-06-16 04	buecher	355
2026-06-16 04	culios	2
2026-06-16 04	dse	555
2026-06-16 04	fractal	996
2026-06-16 04	nausner	4
2026-06-16 04	probier	6
2026-06-16 04	support	22
2026-06-16 04	wiki4d	159
2026-06-16 05	buecher	379
2026-06-16 05	dse	1096
2026-06-16 05	fractal	1658
2026-06-16 05	nausner	3
2026-06-16 05	probier	9
2026-06-16 05	support	38
2026-06-16 05	wiki4d	142
2026-06-16 06	buecher	448
2026-06-16 06	culios	8
2026-06-16 06	dse	803
2026-06-16 06	fractal	898
2026-06-16 06	probier	4
2026-06-16 06	support	33
2026-06-16 06	wiki4d	182
2026-06-16 07	buecher	379
2026-06-16 07	culios	6
2026-06-16 07	dse	3056
2026-06-16 07	fractal	955
2026-06-16 07	lions	3
2026-06-16 07	nausner	4
2026-06-16 07	probier	10
2026-06-16 07	support	52
2026-06-16 07	wiki4d	164
2026-06-16 08	buecher	454
2026-06-16 08	culios	7
2026-06-16 08	dse	4637
2026-06-16 08	fractal	773
2026-06-16 08	lions	2
2026-06-16 08	probier	2
2026-06-16 08	support	21
2026-06-16 08	wiki4d	194
2026-06-16 09	buecher	323
2026-06-16 09	culios	7
2026-06-16 09	dse	6429
2026-06-16 09	fractal	661
2026-06-16 09	lions	1
2026-06-16 09	nausner	3
2026-06-16 09	probier	5
2026-06-16 09	support	34
2026-06-16 09	wiki4d	170
2026-06-16 10	buecher	315
2026-06-16 10	culios	4
2026-06-16 10	dse	20565
2026-06-16 10	fractal	781
2026-06-16 10	nausner	1
2026-06-16 10	probier	3
2026-06-16 10	support	32
2026-06-16 10	wiki4d	162
2026-06-16 11	buecher	269
2026-06-16 11	culios	6
2026-06-16 11	dse	37814
2026-06-16 11	fractal	897
2026-06-16 11	nausner	467
2026-06-16 11	probier	8
2026-06-16 11	support	30
2026-06-16 11	wiki4d	170
2026-06-16 12	buecher	287
2026-06-16 12	culios	2
2026-06-16 12	dse	40262
2026-06-16 12	fractal	730
2026-06-16 12	nausner	338
2026-06-16 12	probier	2
2026-06-16 12	support	39
2026-06-16 12	wiki4d	168
2026-06-16 13	buecher	194
2026-06-16 13	culios	3
2026-06-16 13	dse	40157
2026-06-16 13	fractal	652
2026-06-16 13	lions	2
2026-06-16 13	probier	2
2026-06-16 13	support	30
2026-06-16 13	wiki4d	179
2026-06-16 14	buecher	228
2026-06-16 14	culios	5
2026-06-16 14	dse	42017
2026-06-16 14	fractal	680
2026-06-16 14	lions	1
2026-06-16 14	nausner	1
2026-06-16 14	probier	2
2026-06-16 14	support	40
2026-06-16 14	wiki4d	152
2026-06-16 15	buecher	342
2026-06-16 15	culios	264
2026-06-16 15	dse	41628
2026-06-16 15	fractal	672
2026-06-16 15	probier	4
2026-06-16 15	support	35
2026-06-16 15	wiki4d	153
2026-06-16 16	buecher	231
2026-06-16 16	culios	3
2026-06-16 16	dse	38269
2026-06-16 16	fractal	571
2026-06-16 16	nausner	1
2026-06-16 16	probier	7
2026-06-16 16	support	26
2026-06-16 16	wiki4d	152
2026-06-16 17	buecher	308
2026-06-16 17	culios	3
2026-06-16 17	dse	30743
2026-06-16 17	fractal	673
2026-06-16 17	lions	1
2026-06-16 17	nausner	5
2026-06-16 17	probier	6
2026-06-16 17	support	28
2026-06-16 17	wiki4d	166
2026-06-16 18	buecher	221
2026-06-16 18	culios	2
2026-06-16 18	dse	18382
2026-06-16 18	fractal	1189
2026-06-16 18	nausner	2
2026-06-16 18	probier	23
2026-06-16 18	support	29
2026-06-16 18	wiki4d	147
2026-06-16 19	buecher	361
2026-06-16 19	culios	3
2026-06-16 19	dse	67018
2026-06-16 19	fractal	4115
2026-06-16 19	lions	3
2026-06-16 19	nausner	3
2026-06-16 19	probier	126
2026-06-16 19	support	63
2026-06-16 19	wiki4d	233
2026-06-16 20	buecher	193
2026-06-16 20	dse	76618
2026-06-16 20	fractal	1489
2026-06-16 20	lions	1
2026-06-16 20	nausner	10
2026-06-16 20	probier	64
2026-06-16 20	support	54
2026-06-16 20	wiki4d	200
2026-06-16 21	buecher	181
2026-06-16 21	culios	2
2026-06-16 21	dse	88606
2026-06-16 21	fractal	796
2026-06-16 21	lions	2
2026-06-16 21	probier	40
2026-06-16 21	support	33
2026-06-16 21	wiki4d	194
2026-06-16 22	buecher	219
2026-06-16 22	culios	3
2026-06-16 22	dse	83411
2026-06-16 22	fractal	712
2026-06-16 22	lions	3
2026-06-16 22	nausner	4
2026-06-16 22	support	42
2026-06-16 22	wiki4d	152
2026-06-16 23	buecher	315
2026-06-16 23	culios	2
2026-06-16 23	dse	47889
2026-06-16 23	fractal	647
2026-06-16 23	lions	1
2026-06-16 23	nausner	2
2026-06-16 23	probier	2
2026-06-16 23	support	63
2026-06-16 23	wiki4d	189
2026-06-17 00	buecher	159
2026-06-17 00	dse	46797
2026-06-17 00	fractal	693
2026-06-17 00	lions	2
2026-06-17 00	nausner	7
2026-06-17 00	probier	7
2026-06-17 00	support	31
2026-06-17 00	wiki4d	134
2026-06-17 01	buecher	442
2026-06-17 01	culios	6
2026-06-17 01	dse	57294
2026-06-17 01	fractal	498
2026-06-17 01	lions	2
2026-06-17 01	nausner	1
2026-06-17 01	probier	19
2026-06-17 01	support	49
2026-06-17 01	wiki4d	153
2026-06-17 02	buecher	177
2026-06-17 02	culios	3
2026-06-17 02	dse	53399
2026-06-17 02	fractal	906
2026-06-17 02	lions	3
2026-06-17 02	nausner	1
2026-06-17 02	probier	7
2026-06-17 02	support	36
2026-06-17 02	wiki4d	132
2026-06-17 03	buecher	284
2026-06-17 03	culios	3
2026-06-17 03	dse	41645
2026-06-17 03	fractal	746
2026-06-17 03	lions	1
2026-06-17 03	nausner	9
2026-06-17 03	probier	10
2026-06-17 03	support	63
2026-06-17 03	wiki4d	719
2026-06-17 04	buecher	132
2026-06-17 04	culios	3
2026-06-17 04	dse	15697
2026-06-17 04	fractal	963
2026-06-17 04	lions	2
2026-06-17 04	nausner	1
2026-06-17 04	probier	25
2026-06-17 04	support	29
2026-06-17 04	wiki4d	134
2026-06-17 05	buecher	272
2026-06-17 05	dse	15367
2026-06-17 05	fractal	1039
2026-06-17 05	lions	1
2026-06-17 05	nausner	1
2026-06-17 05	probier	11
2026-06-17 05	support	74
2026-06-17 05	wiki4d	173
2026-06-17 06	buecher	714
2026-06-17 06	culios	2
2026-06-17 06	dse	17641
2026-06-17 06	fractal	1198
2026-06-17 06	lions	2
2026-06-17 06	nausner	3
2026-06-17 06	probier	21
2026-06-17 06	support	73
2026-06-17 06	wiki4d	167
2026-06-17 07	buecher	404
2026-06-17 07	dse	12037
2026-06-17 07	fractal	924
2026-06-17 07	lions	7
2026-06-17 07	nausner	4
2026-06-17 07	probier	27
2026-06-17 07	support	52
2026-06-17 07	wiki4d	233
2026-06-17 08	buecher	187
2026-06-17 08	culios	2
2026-06-17 08	dse	11395
2026-06-17 08	fractal	1290
2026-06-17 08	nausner	4
2026-06-17 08	probier	11
2026-06-17 08	support	51
2026-06-17 08	wiki4d	154
2026-06-17 09	buecher	189
2026-06-17 09	culios	3
2026-06-17 09	dse	10755
2026-06-17 09	fractal	1171
2026-06-17 09	nausner	8
2026-06-17 09	probier	4
2026-06-17 09	support	53
2026-06-17 09	wiki4d	173
2026-06-17 10	buecher	357
2026-06-17 10	culios	8
2026-06-17 10	dse	11476
2026-06-17 10	fractal	1222
2026-06-17 10	nausner	6
2026-06-17 10	probier	5
2026-06-17 10	support	76
2026-06-17 10	wiki4d	145
2026-06-17 11	buecher	413
2026-06-17 11	culios	10
2026-06-17 11	dse	7158
2026-06-17 11	fractal	1033
2026-06-17 11	lions	3
2026-06-17 11	nausner	3
2026-06-17 11	probier	66
2026-06-17 11	support	46
2026-06-17 11	wiki4d	190
2026-06-17 12	buecher	336
2026-06-17 12	culios	1
2026-06-17 12	dse	5097
2026-06-17 12	fractal	1329
2026-06-17 12	lions	2
2026-06-17 12	nausner	6
2026-06-17 12	probier	20
2026-06-17 12	support	44
2026-06-17 12	wiki4d	224
2026-06-17 13	buecher	118
2026-06-17 13	culios	2
2026-06-17 13	dse	6805
2026-06-17 13	fractal	908
2026-06-17 13	lions	1
2026-06-17 13	nausner	15
2026-06-17 13	probier	4
2026-06-17 13	support	66
2026-06-17 13	wiki4d	135
2026-06-17 14	buecher	144
2026-06-17 14	culios	1
2026-06-17 14	dse	3972
2026-06-17 14	fractal	1091
2026-06-17 14	lions	1
2026-06-17 14	nausner	3
2026-06-17 14	support	40
2026-06-17 14	wiki4d	160
2026-06-17 15	buecher	542
2026-06-17 15	culios	17
2026-06-17 15	dse	8636
2026-06-17 15	fractal	1464
2026-06-17 15	lions	1
2026-06-17 15	nausner	16
2026-06-17 15	probier	3
2026-06-17 15	support	125
2026-06-17 15	wiki4d	253
2026-06-17 16	buecher	483
2026-06-17 16	culios	13
2026-06-17 16	dse	14275
2026-06-17 16	fractal	1000
2026-06-17 16	lions	3
2026-06-17 16	nausner	14
2026-06-17 16	probier	4
2026-06-17 16	support	143
2026-06-17 16	wiki4d	208
2026-06-17 17	buecher	573
2026-06-17 17	culios	19
2026-06-17 17	dse	18204
2026-06-17 17	fractal	950
2026-06-17 17	lions	5
2026-06-17 17	nausner	23
2026-06-17 17	probier	6
2026-06-17 17	support	114
2026-06-17 17	wiki4d	257
2026-06-17 18	buecher	520
2026-06-17 18	culios	14
2026-06-17 18	dse	11625
2026-06-17 18	fractal	961
2026-06-17 18	lions	1
2026-06-17 18	nausner	16
2026-06-17 18	probier	4
2026-06-17 18	support	121
2026-06-17 18	wiki4d	144
2026-06-17 19	buecher	431
2026-06-17 19	culios	16
2026-06-17 19	dse	12524
2026-06-17 19	fractal	1133
2026-06-17 19	lions	1
2026-06-17 19	nausner	18
2026-06-17 19	probier	20
2026-06-17 19	support	110
2026-06-17 19	wiki4d	212
2026-06-17 20	buecher	545
2026-06-17 20	culios	17
2026-06-17 20	dse	8954
2026-06-17 20	fractal	1081
2026-06-17 20	lions	4
2026-06-17 20	nausner	27
2026-06-17 20	probier	9
2026-06-17 20	support	112
2026-06-17 20	wiki4d	825
2026-06-17 21	buecher	406
2026-06-17 21	culios	17
2026-06-17 21	dse	7679
2026-06-17 21	fractal	974
2026-06-17 21	lions	1
2026-06-17 21	nausner	15
2026-06-17 21	probier	39
2026-06-17 21	support	124
2026-06-17 21	wiki4d	190
2026-06-17 22	buecher	384
2026-06-17 22	culios	12
2026-06-17 22	dse	6555
2026-06-17 22	fractal	1350
2026-06-17 22	lions	6
2026-06-17 22	nausner	27
2026-06-17 22	probier	6
2026-06-17 22	support	198
2026-06-17 22	wiki4d	233
2026-06-17 23	buecher	361
2026-06-17 23	culios	15
2026-06-17 23	dse	6037
2026-06-17 23	fractal	1280
2026-06-17 23	lions	2
2026-06-17 23	nausner	13
2026-06-17 23	probier	5
2026-06-17 23	support	142
2026-06-17 23	wiki4d	281
2026-06-18 00	buecher	369
2026-06-18 00	culios	18
2026-06-18 00	dse	9891
2026-06-18 00	fractal	1023
2026-06-18 00	lions	2
2026-06-18 00	nausner	22
2026-06-18 00	probier	7
2026-06-18 00	support	157
2026-06-18 00	wiki4d	233
2026-06-18 01	buecher	402
2026-06-18 01	culios	18
2026-06-18 01	dse	8456
2026-06-18 01	fractal	768
2026-06-18 01	lions	2
2026-06-18 01	nausner	21
2026-06-18 01	probier	5
2026-06-18 01	support	97
2026-06-18 01	wiki4d	246
2026-06-18 02	buecher	393
2026-06-18 02	culios	9
2026-06-18 02	dse	7162
2026-06-18 02	fractal	994
2026-06-18 02	lions	2
2026-06-18 02	nausner	19
2026-06-18 02	probier	11
2026-06-18 02	support	109
2026-06-18 02	wiki4d	237
2026-06-18 03	buecher	300
2026-06-18 03	culios	9
2026-06-18 03	dse	7751
2026-06-18 03	fractal	979
2026-06-18 03	lions	2
2026-06-18 03	nausner	20
2026-06-18 03	probier	9
2026-06-18 03	support	133
2026-06-18 03	wiki4d	198
2026-06-18 04	buecher	362
2026-06-18 04	culios	24
2026-06-18 04	dse	5813
2026-06-18 04	fractal	1069
2026-06-18 04	lions	3
2026-06-18 04	nausner	24
2026-06-18 04	probier	8
2026-06-18 04	support	130
2026-06-18 04	wiki4d	210
2026-06-18 05	buecher	398
2026-06-18 05	culios	14
2026-06-18 05	dse	3584
2026-06-18 05	fractal	1074
2026-06-18 05	lions	1
2026-06-18 05	nausner	18
2026-06-18 05	probier	46
2026-06-18 05	support	141
2026-06-18 05	wiki4d	174
2026-06-18 06	buecher	347
2026-06-18 06	culios	19
2026-06-18 06	dse	5757
2026-06-18 06	fractal	1134
2026-06-18 06	lions	5
2026-06-18 06	nausner	23
2026-06-18 06	probier	14
2026-06-18 06	support	142
2026-06-18 06	wiki4d	200
2026-06-18 07	buecher	1093
2026-06-18 07	culios	24
2026-06-18 07	dse	5231
2026-06-18 07	fractal	897
2026-06-18 07	lions	5
2026-06-18 07	nausner	26
2026-06-18 07	probier	10
2026-06-18 07	support	130
2026-06-18 07	wiki4d	183
2026-06-18 08	buecher	491
2026-06-18 08	culios	11
2026-06-18 08	dse	4636
2026-06-18 08	fractal	1001
2026-06-18 08	lions	4
2026-06-18 08	nausner	20
2026-06-18 08	probier	4
2026-06-18 08	support	116
2026-06-18 08	wiki4d	216
2026-06-18 09	buecher	482
2026-06-18 09	culios	10
2026-06-18 09	dse	9251
2026-06-18 09	fractal	1516
2026-06-18 09	lions	5
2026-06-18 09	nausner	26
2026-06-18 09	probier	251
2026-06-18 09	support	141
2026-06-18 09	wiki4d	260
2026-06-18 10	buecher	285
2026-06-18 10	culios	6
2026-06-18 10	dse	11937
2026-06-18 10	fractal	1678
2026-06-18 10	lions	1
2026-06-18 10	nausner	25
2026-06-18 10	probier	2
2026-06-18 10	support	137
2026-06-18 10	wiki4d	214
2026-06-18 11	buecher	426
2026-06-18 11	culios	18
2026-06-18 11	dse	8816
2026-06-18 11	fractal	1510
2026-06-18 11	lions	1
2026-06-18 11	nausner	22
2026-06-18 11	probier	4
2026-06-18 11	support	118
2026-06-18 11	wiki4d	258
2026-06-18 12	buecher	607
2026-06-18 12	culios	14
2026-06-18 12	dse	6276
2026-06-18 12	fractal	1539
2026-06-18 12	lions	5
2026-06-18 12	nausner	18
2026-06-18 12	probier	4
2026-06-18 12	support	115
2026-06-18 12	wiki4d	234
2026-06-18 13	buecher	604
2026-06-18 13	culios	19
2026-06-18 13	dse	6870
2026-06-18 13	fractal	1454
2026-06-18 13	nausner	35
2026-06-18 13	probier	12
2026-06-18 13	support	147
2026-06-18 13	wiki4d	343
2026-06-18 14	buecher	360
2026-06-18 14	culios	16
2026-06-18 14	dse	6486
2026-06-18 14	fractal	1374
2026-06-18 14	lions	6
2026-06-18 14	nausner	23
2026-06-18 14	probier	185
2026-06-18 14	support	150
2026-06-18 14	wiki4d	267
2026-06-18 15	buecher	297
2026-06-18 15	culios	15
2026-06-18 15	dse	12795
2026-06-18 15	fractal	1630
2026-06-18 15	lions	4
2026-06-18 15	nausner	27
2026-06-18 15	probier	784
2026-06-18 15	support	152
2026-06-18 15	wiki4d	305
2026-06-18 16	buecher	499
2026-06-18 16	culios	13
2026-06-18 16	dse	8798
2026-06-18 16	fractal	1744
2026-06-18 16	lions	3
2026-06-18 16	nausner	31
2026-06-18 16	probier	697
2026-06-18 16	support	157
2026-06-18 16	wiki4d	305
2026-06-18 17	buecher	635
2026-06-18 17	culios	31
2026-06-18 17	dse	17876
2026-06-18 17	fractal	1258
2026-06-18 17	lions	4
2026-06-18 17	nausner	23
2026-06-18 17	probier	981
2026-06-18 17	support	172
2026-06-18 17	wiki4d	342
2026-06-18 18	buecher	546
2026-06-18 18	culios	18
2026-06-18 18	dse	37844
2026-06-18 18	fractal	1504
2026-06-18 18	lions	2
2026-06-18 18	nausner	23
2026-06-18 18	probier	2193
2026-06-18 18	support	206
2026-06-18 18	wiki4d	465
2026-06-18 19	buecher	585
2026-06-18 19	culios	20
2026-06-18 19	dse	32553
2026-06-18 19	fractal	1079
2026-06-18 19	lions	7
2026-06-18 19	nausner	34
2026-06-18 19	probier	2146
2026-06-18 19	support	167
2026-06-18 19	wiki4d	379
2026-06-18 20	buecher	428
2026-06-18 20	culios	21
2026-06-18 20	dse	36512
2026-06-18 20	fractal	1243
2026-06-18 20	lions	4
2026-06-18 20	nausner	24
2026-06-18 20	probier	2400
2026-06-18 20	support	149
2026-06-18 20	wiki4d	393
2026-06-18 21	buecher	371
2026-06-18 21	culios	12
2026-06-18 21	dse	15634
2026-06-18 21	fractal	1063
2026-06-18 21	lions	7
2026-06-18 21	nausner	28
2026-06-18 21	probier	430
2026-06-18 21	support	180
2026-06-18 21	wiki4d	225
2026-06-18 22	buecher	317
2026-06-18 22	culios	20
2026-06-18 22	dse	3559
2026-06-18 22	fractal	1288
2026-06-18 22	lions	3
2026-06-18 22	nausner	26
2026-06-18 22	probier	72
2026-06-18 22	support	119
2026-06-18 22	wiki4d	192
2026-06-18 23	buecher	370
2026-06-18 23	culios	17
2026-06-18 23	dse	5084
2026-06-18 23	fractal	1229
2026-06-18 23	lions	2
2026-06-18 23	nausner	21
2026-06-18 23	probier	59
2026-06-18 23	support	152
2026-06-18 23	wiki4d	203
2026-06-19 00	buecher	472
2026-06-19 00	culios	26
2026-06-19 00	dse	12765
2026-06-19 00	fractal	1405
2026-06-19 00	lions	6
2026-06-19 00	nausner	35
2026-06-19 00	probier	9
2026-06-19 00	support	153
2026-06-19 00	wiki4d	246
2026-06-19 01	buecher	309
2026-06-19 01	culios	14
2026-06-19 01	dse	12950
2026-06-19 01	fractal	1037
2026-06-19 01	lions	3
2026-06-19 01	nausner	21
2026-06-19 01	probier	9
2026-06-19 01	support	150
2026-06-19 01	wiki4d	194
2026-06-19 02	buecher	538
2026-06-19 02	culios	7
2026-06-19 02	dse	15386
2026-06-19 02	fractal	938
2026-06-19 02	lions	4
2026-06-19 02	nausner	14
2026-06-19 02	probier	3
2026-06-19 02	support	59
2026-06-19 02	wiki4d	191
2026-06-19 03	buecher	398
2026-06-19 03	culios	2
2026-06-19 03	dse	16588
2026-06-19 03	fractal	923
2026-06-19 03	lions	2
2026-06-19 03	nausner	4
2026-06-19 03	probier	82
2026-06-19 03	support	39
2026-06-19 03	wiki4d	201
2026-06-19 04	buecher	261
2026-06-19 04	culios	1
2026-06-19 04	dse	15436
2026-06-19 04	fractal	1098
2026-06-19 04	lions	1
2026-06-19 04	nausner	6
2026-06-19 04	probier	43
2026-06-19 04	support	59
2026-06-19 04	wiki4d	181
2026-06-19 05	buecher	349
2026-06-19 05	culios	2
2026-06-19 05	dse	16011
2026-06-19 05	fractal	1072
2026-06-19 05	lions	4
2026-06-19 05	nausner	25
2026-06-19 05	probier	19
2026-06-19 05	support	63
2026-06-19 05	wiki4d	161
2026-06-19 06	buecher	385
2026-06-19 06	culios	12
2026-06-19 06	dse	15580
2026-06-19 06	fractal	1411
2026-06-19 06	lions	5
2026-06-19 06	nausner	18
2026-06-19 06	probier	13
2026-06-19 06	support	116
2026-06-19 06	wiki4d	145
2026-06-19 07	buecher	416
2026-06-19 07	culios	8
2026-06-19 07	dse	17468
2026-06-19 07	fractal	983
2026-06-19 07	lions	2
2026-06-19 07	nausner	31
2026-06-19 07	probier	9
2026-06-19 07	support	159
2026-06-19 07	wiki4d	187
2026-06-19 08	buecher	431
2026-06-19 08	culios	12
2026-06-19 08	dse	18430
2026-06-19 08	fractal	1319
2026-06-19 08	lions	8
2026-06-19 08	nausner	23
2026-06-19 08	probier	11
2026-06-19 08	support	159
2026-06-19 08	wiki4d	212
2026-06-19 09	buecher	459
2026-06-19 09	culios	13
2026-06-19 09	dse	18811
2026-06-19 09	fractal	1093
2026-06-19 09	lions	3
2026-06-19 09	nausner	31
2026-06-19 09	probier	21
2026-06-19 09	support	121
2026-06-19 09	wiki4d	228
2026-06-19 10	buecher	360
2026-06-19 10	culios	17
2026-06-19 10	dse	15237
2026-06-19 10	fractal	1013
2026-06-19 10	lions	3
2026-06-19 10	nausner	28
2026-06-19 10	probier	15
2026-06-19 10	support	142
2026-06-19 10	wiki4d	238
2026-06-19 11	buecher	379
2026-06-19 11	culios	12
2026-06-19 11	dse	14927
2026-06-19 11	fractal	1225
2026-06-19 11	lions	4
2026-06-19 11	nausner	27
2026-06-19 11	probier	20
2026-06-19 11	support	131
2026-06-19 11	wiki4d	261
2026-06-19 12	buecher	430
2026-06-19 12	culios	13
2026-06-19 12	dse	15949
2026-06-19 12	fractal	1165
2026-06-19 12	lions	2
2026-06-19 12	nausner	28
2026-06-19 12	probier	29
2026-06-19 12	support	152
2026-06-19 12	wiki4d	247
2026-06-19 13	buecher	514
2026-06-19 13	culios	12
2026-06-19 13	dse	14156
2026-06-19 13	fractal	1189
2026-06-19 13	lions	4
2026-06-19 13	nausner	21
2026-06-19 13	probier	15
2026-06-19 13	support	145
2026-06-19 13	wiki4d	235
2026-06-19 14	buecher	614
2026-06-19 14	culios	18
2026-06-19 14	dse	12587
2026-06-19 14	fractal	1087
2026-06-19 14	lions	6
2026-06-19 14	nausner	30
2026-06-19 14	probier	16
2026-06-19 14	support	128
2026-06-19 14	wiki4d	199
2026-06-19 15	buecher	466
2026-06-19 15	culios	26
2026-06-19 15	dse	9136
2026-06-19 15	fractal	1054
2026-06-19 15	lions	4
2026-06-19 15	nausner	25
2026-06-19 15	probier	6
2026-06-19 15	support	146
2026-06-19 15	wiki4d	220
2026-06-19 16	buecher	382
2026-06-19 16	culios	13
2026-06-19 16	dse	8155
2026-06-19 16	fractal	863
2026-06-19 16	lions	7
2026-06-19 16	nausner	23
2026-06-19 16	probier	14
2026-06-19 16	support	143
2026-06-19 16	wiki4d	291
2026-06-19 17	buecher	459
2026-06-19 17	culios	15
2026-06-19 17	dse	4240
2026-06-19 17	fractal	1129
2026-06-19 17	lions	7
2026-06-19 17	nausner	21
2026-06-19 17	probier	14
2026-06-19 17	support	137
2026-06-19 17	wiki4d	191
2026-06-19 18	buecher	748
2026-06-19 18	culios	22
2026-06-19 18	dse	5041
2026-06-19 18	fractal	1011
2026-06-19 18	lions	3
2026-06-19 18	nausner	24
2026-06-19 18	probier	17
2026-06-19 18	support	141
2026-06-19 18	wiki4d	399
2026-06-19 19	buecher	397
2026-06-19 19	culios	23
2026-06-19 19	dse	6342
2026-06-19 19	fractal	1014
2026-06-19 19	lions	2
2026-06-19 19	nausner	21
2026-06-19 19	probier	41
2026-06-19 19	support	141
2026-06-19 19	wiki4d	736
2026-06-19 20	buecher	315
2026-06-19 20	culios	10
2026-06-19 20	dse	7184
2026-06-19 20	fractal	921
2026-06-19 20	lions	2
2026-06-19 20	nausner	27
2026-06-19 20	probier	79
2026-06-19 20	support	132
2026-06-19 20	wiki4d	214
2026-06-19 21	buecher	439
2026-06-19 21	culios	26
2026-06-19 21	dse	4077
2026-06-19 21	fractal	1106
2026-06-19 21	lions	3
2026-06-19 21	nausner	19
2026-06-19 21	probier	23
2026-06-19 21	support	141
2026-06-19 21	wiki4d	281
2026-06-19 22	buecher	489
2026-06-19 22	culios	8
2026-06-19 22	dse	4282
2026-06-19 22	fractal	1063
2026-06-19 22	lions	1
2026-06-19 22	nausner	13
2026-06-19 22	probier	44
2026-06-19 22	support	137
2026-06-19 22	wiki4d	299
2026-06-19 23	buecher	280
2026-06-19 23	culios	18
2026-06-19 23	dse	16659
2026-06-19 23	fractal	678
2026-06-19 23	lions	2
2026-06-19 23	nausner	15
2026-06-19 23	probier	22
2026-06-19 23	support	148
2026-06-19 23	wiki4d	247
2026-06-20 00	buecher	193
2026-06-20 00	culios	11
2026-06-20 00	dse	15104
2026-06-20 00	fractal	1143
2026-06-20 00	lions	2
2026-06-20 00	nausner	34
2026-06-20 00	probier	65
2026-06-20 00	support	126
2026-06-20 00	wiki4d	192
2026-06-20 01	buecher	241
2026-06-20 01	culios	8
2026-06-20 01	dse	21799
2026-06-20 01	fractal	841
2026-06-20 01	lions	4
2026-06-20 01	nausner	46
2026-06-20 01	probier	66
2026-06-20 01	support	164
2026-06-20 01	wiki4d	265
2026-06-20 02	buecher	291
2026-06-20 02	culios	14
2026-06-20 02	dse	18531
2026-06-20 02	fractal	711
2026-06-20 02	lions	2
2026-06-20 02	nausner	28
2026-06-20 02	probier	6
2026-06-20 02	support	141
2026-06-20 02	wiki4d	257
2026-06-20 03	buecher	411
2026-06-20 03	culios	18
2026-06-20 03	dse	20029
2026-06-20 03	fractal	1184
2026-06-20 03	lions	3
2026-06-20 03	nausner	16
2026-06-20 03	probier	5
2026-06-20 03	support	153
2026-06-20 03	wiki4d	242
2026-06-20 04	buecher	541
2026-06-20 04	culios	18
2026-06-20 04	dse	10516
2026-06-20 04	fractal	886
2026-06-20 04	lions	4
2026-06-20 04	nausner	14
2026-06-20 04	probier	5
2026-06-20 04	support	131
2026-06-20 04	wiki4d	300
2026-06-20 05	buecher	519
2026-06-20 05	culios	16
2026-06-20 05	dse	15183
2026-06-20 05	fractal	643
2026-06-20 05	nausner	18
2026-06-20 05	probier	33
2026-06-20 05	support	203
2026-06-20 05	wiki4d	300
2026-06-20 06	buecher	272
2026-06-20 06	culios	19
2026-06-20 06	dse	20452
2026-06-20 06	fractal	996
2026-06-20 06	lions	8
2026-06-20 06	nausner	20
2026-06-20 06	probier	56
2026-06-20 06	support	201
2026-06-20 06	wiki4d	321
2026-06-20 07	buecher	273
2026-06-20 07	culios	14
2026-06-20 07	dse	3897
2026-06-20 07	fractal	1115
2026-06-20 07	lions	3
2026-06-20 07	nausner	24
2026-06-20 07	probier	27
2026-06-20 07	support	148
2026-06-20 07	wiki4d	223
2026-06-20 08	buecher	437
2026-06-20 08	culios	19
2026-06-20 08	dse	12389
2026-06-20 08	fractal	807
2026-06-20 08	lions	4
2026-06-20 08	nausner	20
2026-06-20 08	probier	11
2026-06-20 08	support	136
2026-06-20 08	wiki4d	248
2026-06-20 09	buecher	547
2026-06-20 09	culios	11
2026-06-20 09	dse	15271
2026-06-20 09	fractal	789
2026-06-20 09	lions	4
2026-06-20 09	nausner	17
2026-06-20 09	probier	12
2026-06-20 09	support	131
2026-06-20 09	wiki4d	250
2026-06-20 10	buecher	489
2026-06-20 10	culios	19
2026-06-20 10	dse	16290
2026-06-20 10	fractal	969
2026-06-20 10	lions	6
2026-06-20 10	nausner	16
2026-06-20 10	probier	14
2026-06-20 10	support	125
2026-06-20 10	wiki4d	257
2026-06-20 11	buecher	403
2026-06-20 11	culios	24
2026-06-20 11	dse	10071
2026-06-20 11	fractal	943
2026-06-20 11	lions	4
2026-06-20 11	nausner	22
2026-06-20 11	probier	41
2026-06-20 11	support	131
2026-06-20 11	wiki4d	265
2026-06-20 12	buecher	393
2026-06-20 12	culios	17
2026-06-20 12	dse	6613
2026-06-20 12	fractal	991
2026-06-20 12	lions	4
2026-06-20 12	nausner	28
2026-06-20 12	probier	22
2026-06-20 12	support	126
2026-06-20 12	wiki4d	240
2026-06-20 13	buecher	409
2026-06-20 13	culios	8
2026-06-20 13	dse	6799
2026-06-20 13	fractal	722
2026-06-20 13	lions	1
2026-06-20 13	nausner	6
2026-06-20 13	probier	12
2026-06-20 13	support	76
2026-06-20 13	wiki4d	276
2026-06-20 14	buecher	555
2026-06-20 14	culios	24
2026-06-20 14	dse	7593
2026-06-20 14	fractal	852
2026-06-20 14	lions	1
2026-06-20 14	nausner	2
2026-06-20 14	probier	6
2026-06-20 14	support	48
2026-06-20 14	wiki4d	322
2026-06-20 15	buecher	411
2026-06-20 15	culios	5
2026-06-20 15	dse	5696
2026-06-20 15	fractal	615
2026-06-20 15	lions	2
2026-06-20 15	nausner	2
2026-06-20 15	probier	29
2026-06-20 15	support	43
2026-06-20 15	wiki4d	1281
2026-06-20 16	buecher	339
2026-06-20 16	culios	7
2026-06-20 16	dse	3506
2026-06-20 16	fractal	1367
2026-06-20 16	lions	2
2026-06-20 16	nausner	3
2026-06-20 16	probier	8
2026-06-20 16	support	46
2026-06-20 16	wiki4d	1352
2026-06-20 17	buecher	293
2026-06-20 17	culios	3
2026-06-20 17	dse	6516
2026-06-20 17	fractal	977
2026-06-20 17	lions	4
2026-06-20 17	nausner	1
2026-06-20 17	probier	13
2026-06-20 17	support	52
2026-06-20 17	wiki4d	207
2026-06-20 18	buecher	163
2026-06-20 18	culios	5
2026-06-20 18	dse	6063
2026-06-20 18	fractal	477
2026-06-20 18	nausner	4
2026-06-20 18	probier	73
2026-06-20 18	support	231
2026-06-20 18	wiki4d	256
2026-06-20 19	buecher	222
2026-06-20 19	culios	4
2026-06-20 19	dse	4733
2026-06-20 19	fractal	745
2026-06-20 19	nausner	2
2026-06-20 19	probier	102
2026-06-20 19	support	543
2026-06-20 19	wiki4d	218
2026-06-20 20	buecher	274
2026-06-20 20	culios	7
2026-06-20 20	dse	4074
2026-06-20 20	fractal	739
2026-06-20 20	nausner	6
2026-06-20 20	probier	49
2026-06-20 20	support	329
2026-06-20 20	wiki4d	188
2026-06-20 21	buecher	243
2026-06-20 21	culios	4
2026-06-20 21	dse	4048
2026-06-20 21	fractal	1403
2026-06-20 21	lions	2
2026-06-20 21	nausner	7
2026-06-20 21	probier	13
2026-06-20 21	support	44
2026-06-20 21	wiki4d	184
2026-06-20 22	buecher	166
2026-06-20 22	culios	4
2026-06-20 22	dse	4313
2026-06-20 22	fractal	1410
2026-06-20 22	nausner	5
2026-06-20 22	probier	5
2026-06-20 22	support	36
2026-06-20 22	wiki4d	226
2026-06-20 23	buecher	372
2026-06-20 23	dse	4657
2026-06-20 23	fractal	1245
2026-06-20 23	lions	1
2026-06-20 23	nausner	1
2026-06-20 23	probier	34
2026-06-20 23	support	57
2026-06-20 23	wiki4d	1236
