time	source	source_url	label	title	body_sha256	body_len	subgroup	subgroup_detail	pad_epoch	pad_index	replyto_pid	replyto_title	verdict	verdict_confidence	site_hits
2026-04-03T05:40:26+00:00	pastebin-k4be	https://pastebin.k4be.pl/view/52400bf5	Walloping Owl	EPL 2004/05	f4797633f6ead061839836b70b6a06e768bece17a54f05a0085df49a27ef7608	584	epl-relegation-parent	season=2004/05					swarm	high	193
2026-04-03T05:40:26+00:00	pastes		Walloping Owl	EPL 2004/05	55bb0ed7246c62f0243f06bc002868ae7e6e0a73a7a136f339c5fb26813f37dd	596	epl-relegation-parent	season=2004/05							
2026-04-03T05:40:28+00:00	pastebin-k4be	https://pastebin.k4be.pl/view/ad00ad72	Mammoth Pig	EPL 2003/04	89ac62f5bb91a8b673b62f1e8f5ef4663fc7ae6859a5d071da6df233d4308401	595	epl-relegation-parent	season=2003/04					swarm	high	173
2026-04-03T05:40:28+00:00	pastes		Mammoth Pig	EPL 2003/04	3c479379f94944e6a50d6a3d0c8cb92bc64a34c27461767f03b45ab2582a0209	607	epl-relegation-parent	season=2003/04							
2026-04-03T05:40:30+00:00	pastebin-k4be	https://pastebin.k4be.pl/view/6a9925f1	Capacious Leech	EPL 2002/03	baaa5c1112818931b4fbc7002def277c4ce52e9a67d0b36655f482980b853ebc	591	epl-relegation-parent	season=2002/03					swarm	high	183
2026-04-03T05:40:30+00:00	pastes		Capacious Leech	EPL 2002/03	c5ed8d4b5824fd21ec2138666c566fe1da1c596264254a08a414effe93d6da05	603	epl-relegation-parent	season=2002/03							
2026-04-03T05:40:32+00:00	pastebin-k4be	https://pastebin.k4be.pl/view/5c15bef1	Cute Moth	EPL 2001/02	d70d8d76491c68f9dcb5389f7a135533649f71ff21f3c55ed55cbf3b602bd06f	581	epl-relegation-parent	season=2001/02					swarm	high	184
2026-04-03T05:40:32+00:00	pastes		Cute Moth	EPL 2001/02	23e09d759a8caed0d738114490bd6bd69de12c3bbf830076a2fcc0bdf61e2f52	593	epl-relegation-parent	season=2001/02							
2026-04-03T05:40:35+00:00	pastebin-k4be	https://pastebin.k4be.pl/view/11e9447e	Hot Sloth	EPL 2000/01	ba3b77f8b20132366f222b84cfcd871fede5d8d0a57fec15eba74ac8c8ab5c1e	587	epl-relegation-parent	season=2000/01					swarm	high	205
2026-04-03T05:40:35+00:00	pastes		Hot Sloth	EPL 2000/01	f96ea74178c695c6d7fa90337ba793f69b970df0af90ed49e82dc61767a2783c	599	epl-relegation-parent	season=2000/01							
2026-04-03T05:50:30+00:00	pastebin-k4be	https://pastebin.k4be.pl/view/9629c5f3	Commodious Rhinoceros	epl95	b3d6652358d93f25fa92083bef3a27709ff483983e34e9659b3803dd4ea73e1c	1345	epl-relegation-answer	kind=pre-parent					swarm	high	196
2026-04-03T05:50:56+00:00	pastebin-k4be	https://pastebin.k4be.pl/view/864b137a	Ungracious Duck	Test95	e32872df8c3a40c5327195c402bf35f884434cc674f692b78b7dd5f7c6f39605	17	test-fragment						swarm	high	171
2026-04-03T05:51:28+00:00	pastebin-k4be	https://pastebin.k4be.pl/view/57492617	Beige Meerkat	EPL 1995-00 home-away relegation data	5055ba9b9cdd61a86b3960c8a5638e4d82577bd0c708571d2878e4735c2434f0	750	epl-relegation-answer	kind=post							366
2026-04-03T05:51:28+00:00	pastes		Beige Meerkat	EPL 1995-00 home-away relegation data	9597e6ccd76364d30aa20e4d578a803468a0e832f10931fe1d99cbbbeb42d26f	788	epl-relegation-answer	kind=post							
2026-04-03T05:52:27+00:00	pastes		Aqua Rhinoceros	EPL95test	d14bd23a326915614cd8a9a3bc34b55f739ccd0472a84b9e22008bdce3db5f99	13	test-fragment								
2026-05-18T06:14:24+00:00	pastebin-k4be	https://pastebin.k4be.pl/view/d267a4ee	ZZ	TK084859	451fa8ebf7f178b96298ae21e50119bb1d2f821cef2d8c592361d879e09c3582	17	tk-probe	epoch_suffix=084859							113
2026-05-18T06:14:24+00:00	pastes		ZZ	TK084859	bea9ba22a12d9025bda79efd213cb95a0ef10329b1b44a3b218543a3fa0fa31b	26	tk-probe	epoch_suffix=084859							
2026-05-18T06:19:31+00:00	pastebin-k4be	https://pastebin.k4be.pl/view/3c023e32	&lt;/span&gt;&lt;a href=&quot;ht	TK085166	4b68ab3847feda7d6c62c1fbcbeebfa35eab7351ed5e78f4ddadea5df64b8015	1	tk-probe	epoch_suffix=085166							110
2026-05-18T06:19:31+00:00	pastes		&lt;/span&gt;&lt;a href=&quot;ht	TK085166	88a750acd111f5fc187c394d555e4ff9d5e6cc80a05f0f60cbedbbfe9e70344d	10	tk-probe	epoch_suffix=085166							
2026-05-18T06:30:49+00:00	pastebin-k4be	https://pastebin.k4be.pl/view/7dcf72df	ZZ	TK085846	38f350b8868720eba8330bd3f366ddb57dd3887a5d245bb3eabfcc85d6a4c0e8	37	tk-probe	epoch_suffix=085846							116
2026-05-18T06:30:49+00:00	pastes		ZZ	TK085846	3810ca0d3b26bca34db3f415a20b179b393b99a8c174b04b4b90f14cf8904a18	46	tk-probe	epoch_suffix=085846							
2026-05-18T06:41:03+00:00	pastebin-k4be	https://pastebin.k4be.pl/view/33d29f96	ZZ	TK086456	a9ceaec359ef358f9c67efe9c49a82a47c00fa52ab7d47b55a0a4a50fd27652f	77	tk-probe	epoch_suffix=086456							117
2026-05-18T06:41:03+00:00	pastes		ZZ	TK086456	168496aa92b92977513ee8cf1f6980d180a97b059708c3af6d93f29cdc3ed528	64	tk-probe	epoch_suffix=086456							
2026-05-18T06:47:34+00:00	pastebin-k4be	https://pastebin.k4be.pl/view/44023da3	ZZ	TK086844	95ba79a64ced27103ae5c6cb13329697ca20289b50bd1ae3448ebe2ee0f3ec53	17	tk-probe	epoch_suffix=086844							118
2026-05-18T06:47:34+00:00	pastes		ZZ	TK086844	8fa03d14d7bb70084fbc6e8866a0fda1ddd59c39f17e9b32d8dd15baba0cceca	26	tk-probe	epoch_suffix=086844							
2026-05-18T10:44:00+00:00	pastebin-k4be	https://pastebin.k4be.pl/view/6e68143f	PadBot	PAD0x536850	6e7a99189b830d9c76bb35f215c11cb87eb6e1a6df182e661a9b82eb78a9d525	24	pad-heartbeat	idx=0 param=536850	1779101038.5110793	0					117
2026-05-18T10:44:00+00:00	pastes		PadBot	PAD0x536850	afb5077d9e49cbcba0505081f0b820b024fd78fb55a973047dadafe0afcf6779	36	pad-heartbeat	idx=0 param=536850	1779101038.5110793	0					
2026-05-18T10:44:04+00:00	pastebin-k4be	https://pastebin.k4be.pl/view/bf86b8c4	PadBot	PAD1x518520	e497b53c6e9b58701a17f257504cd8f8cbff88dab3dfbb7702d11e7a049b982f	24	pad-heartbeat	idx=1 param=518520	1779101042.1657975	1					113
2026-05-18T10:44:04+00:00	pastes		PadBot	PAD1x518520	676874ae7dfc5eefc204419f555108ee107b44fc6c4fcce211f4651020cb9589	36	pad-heartbeat	idx=1 param=518520	1779101042.1657975	1					
2026-05-18T10:44:07+00:00	pastebin-k4be	https://pastebin.k4be.pl/view/cfe03df7	PadBot	PAD2x237411	d46615a565a24902ad916ce2055058dc3c72a5ef0f51f208f20c60aea6c8aa65	24	pad-heartbeat	idx=2 param=237411	1779101045.7946997	2					113
2026-05-18T10:44:07+00:00	pastes		PadBot	PAD2x237411	aada132329e75fa89d965e5992b56127a7170db9820d5dbdec3a691a2c8cc976	36	pad-heartbeat	idx=2 param=237411	1779101045.7946997	2					
2026-05-18T10:44:10+00:00	pastebin-k4be	https://pastebin.k4be.pl/view/d9602933	PadBot	PAD3x868695	2e216fe998929b341bc7f27698178ba9f0737521b37084c9aaed9d9bd53fd191	23	pad-heartbeat	idx=3 param=868695	1779101048.673809	3					113
2026-05-18T10:44:10+00:00	pastes		PadBot	PAD3x868695	41a09b0a1e1ad9c38a164d22e02ebbb75adeaf821bef2a28e161e9b622bfaf57	35	pad-heartbeat	idx=3 param=868695	1779101048.673809	3					
2026-05-18T10:44:14+00:00	pastebin-k4be	https://pastebin.k4be.pl/view/5f1cd917	PadBot	PAD4x730769	45169b9fe59c49ba61527027ea358df528b343932f33834c6ac015ccb8cbda9b	22	pad-heartbeat	idx=4 param=730769	1779101052.09291	4					113
2026-05-18T10:44:14+00:00	pastes		PadBot	PAD4x730769	ff9cfa55614692706571081ffb7b1e24bb1eb51078e5b81182bfa71049c932d1	34	pad-heartbeat	idx=4 param=730769	1779101052.09291	4					
2026-05-18T10:44:17+00:00	pastebin-k4be	https://pastebin.k4be.pl/view/e28e839b	PadBot	PAD5x1440	8acb1321cd5a00db4f479e0006a350e5dd1c1102e0a430b9f92905c9c501fc0c	24	pad-heartbeat	idx=5 param=1440	1779101055.4526927	5					104
2026-05-18T10:44:17+00:00	pastes		PadBot	PAD5x1440	0faa7960f82f4e37e352e7888319a7dcd059d98d7391a9ce8ee39c18a5d5eb52	34	pad-heartbeat	idx=5 param=1440	1779101055.4526927	5					
2026-05-18T10:44:20+00:00	pastebin-k4be	https://pastebin.k4be.pl/view/d2142116	PadBot	PAD6x684168	c8ed01074838ccb622fcfe893b793cc695f115e50f2a360367fdd4faec230401	24	pad-heartbeat	idx=6 param=684168	1779101057.8238778	6					113
2026-05-18T10:44:20+00:00	pastes		PadBot	PAD6x684168	b5c54ab1770dd9cfd43797ec5e7f2279d691aa6dbcd760da41b436aeedf01b19	36	pad-heartbeat	idx=6 param=684168	1779101057.8238778	6					
2026-05-18T10:44:25+00:00	pastebin-k4be	https://pastebin.k4be.pl/view/eebacb3c	PadBot	PAD7x546917	4431423d7ae5c98f05a8e400a705f7c93629391bd0d209c5bae31ba5870b0c56	24	pad-heartbeat	idx=7 param=546917	1779101061.3830776	7					120
2026-05-18T10:44:25+00:00	pastes		PadBot	PAD7x546917	ad8f4a4889e2f7b97a2c2e2eb3cd05ac13ade2f913da0753299e1c99565d000f	36	pad-heartbeat	idx=7 param=546917	1779101061.3830776	7					
2026-05-18T10:44:27+00:00	pastebin-k4be	https://pastebin.k4be.pl/view/b5dbc044	PadBot	PAD8x508504	f05b3995f1c915aa5c624aacdbfc3e0afeb74fe6e1e2c46f92fe3e062e7aef90	24	pad-heartbeat	idx=8 param=508504	1779101065.0874152	8					112
2026-05-18T10:44:27+00:00	pastes		PadBot	PAD8x508504	5e89d651a4e65c3f172f09f75dd1166b13bcef1cbafbcbfcea2d48e897b4651f	36	pad-heartbeat	idx=8 param=508504	1779101065.0874152	8					
2026-05-18T10:44:30+00:00	pastebin-k4be	https://pastebin.k4be.pl/view/c3829e39	PadBot	PAD9x874301	3e7ae1eb9f0c9470cf96449aab071c8de7edeeda1087f092312f34fe9c60aeac	23	pad-heartbeat	idx=9 param=874301	1779101069.191247	9					109
2026-05-18T10:44:30+00:00	pastes		PadBot	PAD9x874301	5ed2b6bd2ed8a5077c129cd67b00129846974e053919f48ba100361123d0a585	35	pad-heartbeat	idx=9 param=874301	1779101069.191247	9					
2026-05-18T10:44:34+00:00	pastebin-k4be	https://pastebin.k4be.pl/view/106aeb28	PadBot	PAD10x266617	dbadb435abaefb0ffadf676a289416333c11ad6cdc673691bfe2ba0cad923759	25	pad-heartbeat	idx=10 param=266617	1779101072.3809009	10					108
2026-05-18T10:44:34+00:00	pastes		PadBot	PAD10x266617	b72ec8f2df630538121256639242337422037875812d485ddcddf56d90a1079c	38	pad-heartbeat	idx=10 param=266617	1779101072.3809009	10					
2026-05-18T10:44:36+00:00	pastebin-k4be	https://pastebin.k4be.pl/view/c90e6f33	PadBot	PAD11x359404	9cdd3b5531b579ef9f57552c62a470ceb38da0b2541a18d582fcd9cbc1eb897e	25	pad-heartbeat	idx=11 param=359404	1779101075.9313986	11					109
2026-05-18T10:44:36+00:00	pastes		PadBot	PAD11x359404	80c6ea66ddc247a020958ec7d88d8cc7e290e0242ea21145e86f04526c2ebdf1	38	pad-heartbeat	idx=11 param=359404	1779101075.9313986	11					
2026-05-18T10:44:39+00:00	pastebin-k4be	https://pastebin.k4be.pl/view/68948cea	PadBot	PAD12x273219	848f1089b5ef60a3898ee0c4ad8bb13d16b0dc90d4bbd0f3921e46cdb292bb3a	25	pad-heartbeat	idx=12 param=273219	1779101078.8318634	12					108
2026-05-18T10:44:39+00:00	pastes		PadBot	PAD12x273219	3e6cd7a00c45b6be63ec73090834045e0ce4043851f868598a878e028b260b64	38	pad-heartbeat	idx=12 param=273219	1779101078.8318634	12					
2026-05-18T10:44:43+00:00	pastebin-k4be	https://pastebin.k4be.pl/view/0871bc68	PadBot	PAD13x239561	986379f9fd23b40b30bb2b63263fec8edfbfc0043193d5d6b1506bec2bdab832	25	pad-heartbeat	idx=13 param=239561	1779101081.4200187	13					109
2026-05-18T10:44:43+00:00	pastes		PadBot	PAD13x239561	2e11f82f4655259ebed097932670caca62d570e7ad33c72c90b5527b16aff620	38	pad-heartbeat	idx=13 param=239561	1779101081.4200187	13					
2026-05-18T10:44:46+00:00	pastebin-k4be	https://pastebin.k4be.pl/view/0f6b1c84	PadBot	PAD14x320179	f318078b277b5bbfcb37b4069eddd6630116a60cf17e5d4fbb4b3ee4d622951a	25	pad-heartbeat	idx=14 param=320179	1779101085.1012821	14					112
2026-05-18T10:44:46+00:00	pastes		PadBot	PAD14x320179	9183df3ff95dcc19ee8af38ff90d5888c86b5710cdad14ae34b2e77c01edc1c4	38	pad-heartbeat	idx=14 param=320179	1779101085.1012821	14					
2026-05-18T10:44:50+00:00	pastebin-k4be	https://pastebin.k4be.pl/view/f846fc28	PadBot	PAD15x819050	951816c3bea51cd95b2e46c07d0efaf0675e2b83b9c62160cdc862097b5f03d4	25	pad-heartbeat	idx=15 param=819050	1779101088.6509795	15					116
2026-05-18T10:44:50+00:00	pastes		PadBot	PAD15x819050	06d275324630cf9adf6dbad4badeba2093439765aecaf73f76acc224aec7ff53	38	pad-heartbeat	idx=15 param=819050	1779101088.6509795	15					
2026-05-18T10:44:53+00:00	pastebin-k4be	https://pastebin.k4be.pl/view/b94c6699	PadBot	PAD16x894506	a03ae32f535212235622d1a8174a8004a5f1babf6e83816e283fa831d29d0812	25	pad-heartbeat	idx=16 param=894506	1779101092.1659606	16					111
2026-05-18T10:44:53+00:00	pastes		PadBot	PAD16x894506	4edb7cd564254db8416c0e140da6e1eebc6567e86b3667ed9fae94b6d526ac04	38	pad-heartbeat	idx=16 param=894506	1779101092.1659606	16					
2026-05-18T10:44:56+00:00	pastebin-k4be	https://pastebin.k4be.pl/view/63336021	PadBot	PAD17x253765	5cafd9922d8bfc984e0b87e909c94b4ed021ed474756fba7c62e3d0e21eaee41	25	pad-heartbeat	idx=17 param=253765	1779101095.8423862	17					107
2026-05-18T10:44:56+00:00	pastes		PadBot	PAD17x253765	a14898da82ff5e5c64b3868dd07fc87044015ec20272816ff0ad72017ced9c2f	38	pad-heartbeat	idx=17 param=253765	1779101095.8423862	17					
2026-05-18T10:45:00+00:00	pastebin-k4be	https://pastebin.k4be.pl/view/2c43e7eb	PadBot	PAD18x306606	d246caa0383faac337e526e93d614fae4e3facdd1d4b2b952a2322e85bbe89e9	25	pad-heartbeat	idx=18 param=306606	1779101098.9660566	18					116
2026-05-18T10:45:00+00:00	pastes		PadBot	PAD18x306606	b53d2a03a3daac0da0cbe06e55b45ec50e161b8a0be534b4a46b8260f6ff0fff	38	pad-heartbeat	idx=18 param=306606	1779101098.9660566	18					
2026-05-18T10:45:03+00:00	pastebin-k4be	https://pastebin.k4be.pl/view/9c5844b9	PadBot	PAD19x202553	7580dd7073cce3a51332dd34eddb15e161adc18b5eec311a975bff67edeb68bd	25	pad-heartbeat	idx=19 param=202553	1779101101.9942698	19					112
2026-05-18T10:45:03+00:00	pastes		PadBot	PAD19x202553	180dc99c7aff5f0e7a7325cb58b537e8fad591385173bd51829aca044dc236c0	38	pad-heartbeat	idx=19 param=202553	1779101101.9942698	19					
2026-05-18T10:45:07+00:00	pastebin-k4be	https://pastebin.k4be.pl/view/6cee7d0d	PadBot	PAD20x810360	e0376aed08c5f6cac85de47dee85e1ef3009fc332d005a4f8912cec523303448	25	pad-heartbeat	idx=20 param=810360	1779101105.6446836	20					115
2026-05-18T10:45:07+00:00	pastes		PadBot	PAD20x810360	ac805d302e7178a6fe0d70c076724f32cf3fddf24b77782d99c59d255314db92	38	pad-heartbeat	idx=20 param=810360	1779101105.6446836	20					
2026-05-18T10:45:13+00:00	pastebin-k4be	https://pastebin.k4be.pl/view/6543aaf8	PadBot	PAD21x461654	fa9c0015d760eff44ad26e77d16d07d7055d022eb2d8e85c7d59358b53b206f1	25	pad-heartbeat	idx=21 param=461654	1779101109.1568174	21					117
2026-05-18T10:45:13+00:00	pastes		PadBot	PAD21x461654	83cdb87926a735138d4e14db2875111382ecfcb41ef73f1fe197e73a4c5c2a37	38	pad-heartbeat	idx=21 param=461654	1779101109.1568174	21					
2026-05-18T10:45:14+00:00	pastebin-k4be	https://pastebin.k4be.pl/view/1378a4c7	PadBot	PAD22x633655	8993186e23c27d78f7e7f1c83d88b5942241c33c7050a8cdf723b2f4ace9e4cc	25	pad-heartbeat	idx=22 param=633655	1779101112.8122756	22					113
2026-05-18T10:45:14+00:00	pastes		PadBot	PAD22x633655	4cb3dbc7382ea5986bf0ecb7c4521269a7102acff2fba4e9a543441743679165	38	pad-heartbeat	idx=22 param=633655	1779101112.8122756	22					
2026-05-18T10:45:17+00:00	pastebin-k4be	https://pastebin.k4be.pl/view/103d52e5	PadBot	PAD23x249056	845f3d3ac86f1b60c2edb5bc29d73bd83522786007b15509f337f56566eac62a	25	pad-heartbeat	idx=23 param=249056	1779101115.4740777	23					114
2026-05-18T10:45:17+00:00	pastes		PadBot	PAD23x249056	3151382b2fb91e31be2bb8c9bf2d9ade8cf01caeb65567ccd9d946775bbac019	38	pad-heartbeat	idx=23 param=249056	1779101115.4740777	23					
2026-05-18T10:45:21+00:00	pastebin-k4be	https://pastebin.k4be.pl/view/aef369f5	PadBot	PAD24x792545	6ad28ce202f6cb1fa0219e98e81b69f0b8220a5fbf5ef68c84bfe2348341451e	25	pad-heartbeat	idx=24 param=792545	1779101118.1998956	24					110
2026-05-18T10:45:21+00:00	pastes		PadBot	PAD24x792545	c717e5b68d6645811944db607b577c9e9d57ee75336f8aef3f95a93e40293011	38	pad-heartbeat	idx=24 param=792545	1779101118.1998956	24					
2026-05-18T10:45:24+00:00	pastebin-k4be	https://pastebin.k4be.pl/view/10d3cca9	PadBot	PAD25x760748	92dd09c97418ff52f1bbafa0dc4df27921c3e0aa66237ffa68fb37e594d6ecf5	24	pad-heartbeat	idx=25 param=760748	1779101121.512779	25					108
2026-05-18T10:45:24+00:00	pastes		PadBot	PAD25x760748	50d19e7aae14d3810767eeedb8253f9bb9c3a205ed08e401527ce4c8ead34661	37	pad-heartbeat	idx=25 param=760748	1779101121.512779	25					
2026-05-18T10:45:27+00:00	pastebin-k4be	https://pastebin.k4be.pl/view/2d8f753a	PadBot	PAD26x490080	9237de3d14c2986bc953d816661c7c29ae1b7e7038138a9f7f8a8a159cbb2870	25	pad-heartbeat	idx=26 param=490080	1779101124.6564946	26					124
2026-05-18T10:45:27+00:00	pastes		PadBot	PAD26x490080	0d21c55fd42780863d699eaec63f2c1674bc9c9ccfab0857b7bc092d82eef76e	38	pad-heartbeat	idx=26 param=490080	1779101124.6564946	26					
2026-05-18T10:45:30+00:00	pastebin-k4be	https://pastebin.k4be.pl/view/bfaa9251	PadBot	PAD27x430424	069fc9814c9042ff91b8b90d5f2d53fd1db8d598eb7e0043efcab078b61c44a6	24	pad-heartbeat	idx=27 param=430424	1779101128.190022	27					103
2026-05-18T10:45:30+00:00	pastes		PadBot	PAD27x430424	490928035f59b96ca46e909f104d7978b05eb6a145f398a6729bca9bc9325d21	37	pad-heartbeat	idx=27 param=430424	1779101128.190022	27					
2026-05-18T10:45:34+00:00	pastebin-k4be	https://pastebin.k4be.pl/view/b2a4debe	PadBot	PAD28x328589	8f688ece1a753fcdf3c04776280f40a4a02df1c9d28999d3d8cc55dec3610479	25	pad-heartbeat	idx=28 param=328589	1779101130.6273754	28					123
2026-05-18T10:45:34+00:00	pastes		PadBot	PAD28x328589	27f7823eb84da3e003478b565e532d7878a55378b0a5e79ca6fdba2b314f63e3	38	pad-heartbeat	idx=28 param=328589	1779101130.6273754	28					
2026-05-18T10:45:36+00:00	pastebin-k4be	https://pastebin.k4be.pl/view/460ce579	PadBot	PAD29x65937	5d87991fc9918d0cb5db34bbdcc0f4cf7fd4861fd5a3efd2fe025586d1f566a7	25	pad-heartbeat	idx=29 param=65937	1779101134.1750517	29					104
2026-05-18T10:45:36+00:00	pastes		PadBot	PAD29x65937	b314be00212e6beea67ab1da44a7f0cb0c618dd41445f3051805c20e01ec0da4	37	pad-heartbeat	idx=29 param=65937	1779101134.1750517	29					
2026-05-18T10:45:39+00:00	pastebin-k4be	https://pastebin.k4be.pl/view/d5fcb823	PadBot	PAD30x558535	796e5d2134059a9cd4234b1596b26f9043d82bd4c8c516db67d542045a7afb10	25	pad-heartbeat	idx=30 param=558535	1779101137.0877419	30					117
2026-05-18T10:45:39+00:00	pastes		PadBot	PAD30x558535	83d8494591e66702b386c857858ef49e23190f8ded713c95b17df7dd82903ade	38	pad-heartbeat	idx=30 param=558535	1779101137.0877419	30					
2026-05-18T10:45:42+00:00	pastebin-k4be	https://pastebin.k4be.pl/view/08810125	PadBot	PAD31x277667	8870609f9b23393c1e15dc9f5e7b644f1ca8da3f9228672411f3c21baf57607a	25	pad-heartbeat	idx=31 param=277667	1779101140.6938648	31					102
2026-05-18T10:45:42+00:00	pastes		PadBot	PAD31x277667	1e7e15918855944db6f11d3f186fe346d39366d7ce81882aea51669917c3b0f0	38	pad-heartbeat	idx=31 param=277667	1779101140.6938648	31					
2026-05-18T10:45:45+00:00	pastebin-k4be	https://pastebin.k4be.pl/view/caa0d338	PadBot	PAD32x667065	01303218f05152f090343c3f2a14cf3d201dfaf7f517190cf322fc1dc5aa09ae	24	pad-heartbeat	idx=32 param=667065	1779101144.216155	32					102
2026-05-18T10:45:45+00:00	pastes		PadBot	PAD32x667065	791c84573f90fbc2b789ecd05cf3c483ae8b1ae644cff6455a92d873db5a58b8	37	pad-heartbeat	idx=32 param=667065	1779101144.216155	32					
2026-05-18T10:45:48+00:00	pastebin-k4be	https://pastebin.k4be.pl/view/798fddb6	PadBot	PAD33x436465	8d40e4624e9b495c82144a601fa34b918605067e45dbc0b9c04f93556a2a4e1d	24	pad-heartbeat	idx=33 param=436465	1779101147.463555	33					116
2026-05-18T10:45:48+00:00	pastes		PadBot	PAD33x436465	c55e14aa515889bd975d95afac225fd8825a6eedd4aa528acf28958ea7a0ff2b	37	pad-heartbeat	idx=33 param=436465	1779101147.463555	33					
2026-05-18T10:45:51+00:00	pastebin-k4be	https://pastebin.k4be.pl/view/c19cf46a	PadBot	PAD34x281264	d889b74db1740a0767c0156c4bca590e626fb9b7e44842fa4966679cff519451	24	pad-heartbeat	idx=34 param=281264	1779101150.270145	34					100
2026-05-18T10:45:51+00:00	pastes		PadBot	PAD34x281264	721315be5fe6431f9448f2a66d1fe420e67bf74e8ad3c62018eeb70d88de26f1	37	pad-heartbeat	idx=34 param=281264	1779101150.270145	34					
2026-05-18T10:45:55+00:00	pastebin-k4be	https://pastebin.k4be.pl/view/f16632b2	PadBot	PAD35x165680	d1e802c4766b4becb1293572e39ef7a007d6bc4371da94226dae7f73e7be6533	24	pad-heartbeat	idx=35 param=165680	1779101152.906905	35					99
2026-05-18T10:45:55+00:00	pastes		PadBot	PAD35x165680	0ce76741207b4a1dbc466a47d69a62ae0592200af3638210df3e9d36a93f5314	37	pad-heartbeat	idx=35 param=165680	1779101152.906905	35					
2026-05-18T10:45:58+00:00	pastebin-k4be	https://pastebin.k4be.pl/view/5629286d	PadBot	PAD36x163435	866cae2dd00499f3c6dc1918a5c89cdd3a2be6abd84634a2fdcd5ee56af886d1	25	pad-heartbeat	idx=36 param=163435	1779101156.1094198	36					99
2026-05-18T10:45:58+00:00	pastes		PadBot	PAD36x163435	c18687933a961c39132c7a9128dd9cba8363857080e6a0d6694a52d5e739300f	38	pad-heartbeat	idx=36 param=163435	1779101156.1094198	36					
2026-05-18T10:46:01+00:00	pastebin-k4be	https://pastebin.k4be.pl/view/10720400	PadBot	PAD37x565259	674192ec0b654295eb1ee2586b627f97f114bddf37864b0957da163a7f2a326e	25	pad-heartbeat	idx=37 param=565259	1779101159.3287454	37					99
2026-05-18T10:46:01+00:00	pastes		PadBot	PAD37x565259	cce2373e63cf1c0419f01622743b9cf38534972ad19d395117adadc63ace2891	38	pad-heartbeat	idx=37 param=565259	1779101159.3287454	37					
2026-05-18T10:46:04+00:00	pastebin-k4be	https://pastebin.k4be.pl/view/d1ba75fb	PadBot	PAD38x845864	28ce30ff4121d69856d59d565e3caec05ae363b1bf6a20a412f2eb8ccc8a1b8b	24	pad-heartbeat	idx=38 param=845864	1779101162.707919	38					97
2026-05-18T10:46:04+00:00	pastes		PadBot	PAD38x845864	05e0a1bcb00da5d79c21af38277b4ad720b491482524db138be25bbf03a16dc3	37	pad-heartbeat	idx=38 param=845864	1779101162.707919	38					
2026-05-18T10:46:08+00:00	pastebin-k4be	https://pastebin.k4be.pl/view/49d569c7	PadBot	PAD39x351888	5f39589e2f2789c520ff4d938c8b4e5303b4699e913a95550e4d922f30a13394	25	pad-heartbeat	idx=39 param=351888	1779101165.5475516	39					104
2026-05-18T10:46:08+00:00	pastes		PadBot	PAD39x351888	4a470068edf60db9fafda9bcdc59a638ead2610d87bedc39d9f59d8532610d40	38	pad-heartbeat	idx=39 param=351888	1779101165.5475516	39					
2026-05-18T10:46:11+00:00	pastebin-k4be	https://pastebin.k4be.pl/view/c526024f	PadBot	PAD40x235343	d9317ecc9fb433091836ab5d71364c02f2f90965765ad8e717813688f04009a0	24	pad-heartbeat	idx=40 param=235343	1779101169.186171	40					102
2026-05-18T10:46:11+00:00	pastes		PadBot	PAD40x235343	bdd719f4701046fc32fd10c423d29773059492282d6bf9f0e4af3ede4092090a	37	pad-heartbeat	idx=40 param=235343	1779101169.186171	40					
2026-05-18T10:46:14+00:00	pastebin-k4be	https://pastebin.k4be.pl/view/9f351d31	PadBot	PAD41x940563	03d9150712c190a8927cb816a7b3204b31191571b0c59b50d87f8352eeb8f979	25	pad-heartbeat	idx=41 param=940563	1779101171.8696625	41					118
2026-05-18T10:46:14+00:00	pastes		PadBot	PAD41x940563	60967467babdc9418f9d1478af602a7c327558c1ec88cee9e71c60184c35f229	38	pad-heartbeat	idx=41 param=940563	1779101171.8696625	41					
2026-05-18T10:46:17+00:00	pastebin-k4be	https://pastebin.k4be.pl/view/0db2bc39	PadBot	PAD42x5994	d2ab89a345c3c54c8c4106c8d66b37f1e76a1b2c3b8af78c3ff6c847b73e1a2e	25	pad-heartbeat	idx=42 param=5994	1779101174.7401652	42					120
2026-05-18T10:46:17+00:00	pastes		PadBot	PAD42x5994	678f78bf9756e69b0b0e5ce9abf7783f16a73306063ed9a1b120c01e6e463376	36	pad-heartbeat	idx=42 param=5994	1779101174.7401652	42					
2026-05-18T10:46:20+00:00	pastebin-k4be	https://pastebin.k4be.pl/view/2bb72514	PadBot	PAD43x797255	2de71c35d3f7efc35b10f8e19c6945f9a2e220e8fb029349e2dbaeba2fc13f97	24	pad-heartbeat	idx=43 param=797255	1779101178.363091	43					100
2026-05-18T10:46:20+00:00	pastes		PadBot	PAD43x797255	b797917ed78490b20df5773dc55cfe77c66e71ad350c79340dc9692d25ddf9b0	37	pad-heartbeat	idx=43 param=797255	1779101178.363091	43					
2026-05-18T10:46:23+00:00	pastebin-k4be	https://pastebin.k4be.pl/view/94da902e	PadBot	PAD44x986734	084d6310f8269da00ffe37deaafb489ed0b0d4ce43071d574ebf630b8255609b	25	pad-heartbeat	idx=44 param=986734	1779101180.5767508	44					118
2026-05-18T10:46:23+00:00	pastes		PadBot	PAD44x986734	ec21046b6da75894685fe7773be9b5e6e63aea573c366d006f67603f00566065	38	pad-heartbeat	idx=44 param=986734	1779101180.5767508	44					
2026-05-18T10:46:26+00:00	pastebin-k4be	https://pastebin.k4be.pl/view/94e266a0	PadBot	PAD45x760961	fc43b610fd7c06b43af439b00e8f51a9c918edb320f371d91550f590b179e0b9	25	pad-heartbeat	idx=45 param=760961	1779101183.9505093	45					108
2026-05-18T10:46:26+00:00	pastes		PadBot	PAD45x760961	cdebac944b57a3013afc2427112047c5b5941542085bc91335aea05bb7d0c4bc	38	pad-heartbeat	idx=45 param=760961	1779101183.9505093	45					
2026-05-18T10:46:30+00:00	pastebin-k4be	https://pastebin.k4be.pl/view/983c5917	PadBot	PAD46x913803	48497fd83f41114d16ba2b11e55d9511fbbbaf09a6408112e72a3cf4eac07b35	25	pad-heartbeat	idx=46 param=913803	1779101186.5126786	46					103
2026-05-18T10:46:30+00:00	pastes		PadBot	PAD46x913803	9ce419bee2b721185e18a53864af901e3fb39854c04a94cb8600e9e56e61ddd6	38	pad-heartbeat	idx=46 param=913803	1779101186.5126786	46					
2026-05-18T10:46:32+00:00	pastebin-k4be	https://pastebin.k4be.pl/view/69284add	PadBot	PAD47x215769	9524d5ddb01e6abe533aaf82f5c87f805365e76d74708f3c7f2ab98bd598503e	24	pad-heartbeat	idx=47 param=215769	1779101190.241078	47					108
2026-05-18T10:46:32+00:00	pastes		PadBot	PAD47x215769	9c052f415ae96cc93f11c1233e1a2f59357ffa3de1392d054e2d0b9d4ba63faa	37	pad-heartbeat	idx=47 param=215769	1779101190.241078	47					
2026-05-18T10:46:34+00:00	pastebin-k4be	https://pastebin.k4be.pl/view/b70efe5d	PadBot	PAD48x247127	39521c249e5da7c29588c02dd2a5e81592d9d20020ed6f40234960889e24fb32	25	pad-heartbeat	idx=48 param=247127	1779101193.5054164	48					119
2026-05-18T10:46:34+00:00	pastes		PadBot	PAD48x247127	387d212feab9510f0ae050e9f3230bde8361eefa9029d6e146827c6967168e5b	38	pad-heartbeat	idx=48 param=247127	1779101193.5054164	48					
2026-05-18T10:46:38+00:00	pastebin-k4be	https://pastebin.k4be.pl/view/da8d8f83	PadBot	PAD49x566130	c9411306cee894791f054efcb5455052540a486c7ecb0107d23d5c15786019b0	25	pad-heartbeat	idx=49 param=566130	1779101196.6204543	49					128
2026-05-18T10:46:38+00:00	pastes		PadBot	PAD49x566130	2502b4b9f22cb22ce4ec093a48b95bacf890bb4740240b0914978d614f8b7831	38	pad-heartbeat	idx=49 param=566130	1779101196.6204543	49					
2026-05-18T10:46:40+00:00	pastebin-k4be	https://pastebin.k4be.pl/view/11078ae2	PadBot	PAD50x446037	452d7a333d0d13d48e57daa2a6d8380b9c8d591858cb7c9c87603539ea0134b9	23	pad-heartbeat	idx=50 param=446037	1779101199.97246	50					127
2026-05-18T10:46:40+00:00	pastes		PadBot	PAD50x446037	f8e8ffcf9c0b198b44439b497b45c5d7ce7781113ae55ef40aba5357b2a876e2	36	pad-heartbeat	idx=50 param=446037	1779101199.97246	50					
2026-05-18T10:46:43+00:00	pastebin-k4be	https://pastebin.k4be.pl/view/942a0f8f	PadBot	PAD51x666464	0858a0c00644851065668cec33b9115758201d5916c4abd734178f291e89a4ea	25	pad-heartbeat	idx=51 param=666464	1779101202.4859319	51					116
2026-05-18T10:46:43+00:00	pastes		PadBot	PAD51x666464	860cda76e1c9cc4dc5013f84a44bc44ca21d4960e2300ac09de2fd1fa4cb1f92	38	pad-heartbeat	idx=51 param=666464	1779101202.4859319	51					
2026-05-18T10:46:45+00:00	pastebin-k4be	https://pastebin.k4be.pl/view/1c78977f	PadBot	PAD52x136976	ef8d61cf263eb9d3bb92919d31dd008ee26d028dc9e1ddc17b3ef62a1f75704e	25	pad-heartbeat	idx=52 param=136976	1779101206.1092005	52					118
2026-05-18T10:46:45+00:00	pastes		PadBot	PAD52x136976	8eaa6c3020e2294398600faa408c9b69e9ab2fe61e6857c68fc0a3fbb7e0976a	38	pad-heartbeat	idx=52 param=136976	1779101206.1092005	52					
2026-05-18T10:46:49+00:00	pastebin-k4be	https://pastebin.k4be.pl/view/d8b77ad1	PadBot	PAD53x857986	5d3cd9f7b159164de9456d36d2041e0a23959cf5b0eee11767252119c5de8d66	24	pad-heartbeat	idx=53 param=857986	1779101209.042133	53					125
2026-05-18T10:46:49+00:00	pastes		PadBot	PAD53x857986	a823cb40f62d3e68278c18b866eaf57e7996dcec2652f0aa26987c6e9fc370fe	37	pad-heartbeat	idx=53 param=857986	1779101209.042133	53					
2026-05-18T10:46:51+00:00	pastebin-k4be	https://pastebin.k4be.pl/view/26b5a73b	PadBot	PAD54x335120	5d505c015700481db2e069d17f8bf5437456877ba9c8498025711231e9824734	25	pad-heartbeat	idx=54 param=335120	1779101212.5556898	54					114
2026-05-18T10:46:51+00:00	pastes		PadBot	PAD54x335120	043364aff6e5a391c7e4b6bf6a3a58085941846a3ddef5c57574926fa672dfdf	38	pad-heartbeat	idx=54 param=335120	1779101212.5556898	54					
2026-05-18T10:46:54+00:00	pastebin-k4be	https://pastebin.k4be.pl/view/f18f6743	PadBot	PAD55x741971	444392ef64da6e9e9fdd6d5ec21cedefc213faf0f545b8eb37e0dee5d4c25e3b	25	pad-heartbeat	idx=55 param=741971	1779101216.5538611	55					121
2026-05-18T10:46:54+00:00	pastes		PadBot	PAD55x741971	70ad883f4bbf89c7760c4d24543ce7dbbef2ed98d5083beeb9c83fcaa68d96f2	38	pad-heartbeat	idx=55 param=741971	1779101216.5538611	55					
2026-05-18T10:46:58+00:00	pastebin-k4be	https://pastebin.k4be.pl/view/a6dc6e84	PadBot	PAD56x113273	72694b63547bb21859a74fdf1d28917e752c91e8a859a21152ea4c9979ac8a35	25	pad-heartbeat	idx=56 param=113273	1779101219.2430725	56					125
2026-05-18T10:46:58+00:00	pastes		PadBot	PAD56x113273	ffa4e85e9c1089807948033d23dc22d35187a0ba2ae0633a670c8fe682f4a399	38	pad-heartbeat	idx=56 param=113273	1779101219.2430725	56					
2026-05-18T10:46:59+00:00	pastebin-k4be	https://pastebin.k4be.pl/view/7014fcce	PadBot	PAD57x63823	2d126a48ab9cbad7ec860a5f20266874ec9a38c0fe3582bc8c8df2a44979c84d	25	pad-heartbeat	idx=57 param=63823	1779101222.8062148	57					119
2026-05-18T10:46:59+00:00	pastes		PadBot	PAD57x63823	9784d6be0d56947bafc8e750899749aea4364334ee9c34763e6479d792c28841	37	pad-heartbeat	idx=57 param=63823	1779101222.8062148	57					
2026-05-18T10:47:01+00:00	pastebin-k4be	https://pastebin.k4be.pl/view/75234a9e	PadBot	PAD58x354394	85733462fcdbb5011b12b3a20f294574b53f9735112340ef9bc52c7763d11dfa	25	pad-heartbeat	idx=58 param=354394	1779101225.6154296	58					119
2026-05-18T10:47:01+00:00	pastes		PadBot	PAD58x354394	a3044a21fbd32b5a8fdfbff1bc79d997e17ac676791b2d8f839415bc2352d0bb	38	pad-heartbeat	idx=58 param=354394	1779101225.6154296	58					
2026-05-18T10:47:05+00:00	pastebin-k4be	https://pastebin.k4be.pl/view/b1b13616	PadBot	PAD59x61298	5e64af2f45d2e9f56fe9530a83a39395413b792689f616faed9c15eddc7ed6b1	25	pad-heartbeat	idx=59 param=61298	1779101228.3903365	59					112
2026-05-18T10:47:05+00:00	pastes		PadBot	PAD59x61298	ada5e4b5b5d9995439585f21ded43a68da0e525fabff0f76ff011b884a53ced8	37	pad-heartbeat	idx=59 param=61298	1779101228.3903365	59					
2026-05-18T10:47:10+00:00	pastebin-k4be	https://pastebin.k4be.pl/view/9c34aca9	PadBot	PAD61x145546	04bc45b65ea2b3bb101c9c96d70549881421f575e30e1209a08ed5a5c2197bc0	25	pad-heartbeat	idx=61 param=145546	1779101235.6462803	61					117
2026-05-18T10:47:10+00:00	pastes		PadBot	PAD61x145546	7ee2dc94ad76d74d07e27974575df34d11ea8bda0d487bd6ce2ee6132f9d34f2	38	pad-heartbeat	idx=61 param=145546	1779101235.6462803	61					
2026-05-18T10:47:13+00:00	pastebin-k4be	https://pastebin.k4be.pl/view/3c8a55b1	PadBot	PAD62x728138	4bf84666ed0ea1096de4db170c70c8851f350d11268e10268fb3ac1c8a09082a	25	pad-heartbeat	idx=62 param=728138	1779101238.2491481	62					128
2026-05-18T10:47:13+00:00	pastebin-k4be	https://pastebin.k4be.pl/view/8fa053fb	PadBot	PAD60x126663	e31cf0a3babef8b5425529611d10023b6b912902cce2b6cd666358311fedb49c	25	pad-heartbeat	idx=60 param=126663	1779101231.9163039	60					132
2026-05-18T10:47:13+00:00	pastes		PadBot	PAD62x728138	129e29f43e6f3c891fbc60e77252808eab36eb40b0a8e532e254848b4c716784	38	pad-heartbeat	idx=62 param=728138	1779101238.2491481	62					
2026-05-18T10:47:13+00:00	pastes		PadBot	PAD60x126663	20431dfd155c806d547ac58f22cdcfbf9c628cde7fa305fb78ad0dbb555a53b0	38	pad-heartbeat	idx=60 param=126663	1779101231.9163039	60					
2026-05-18T10:47:17+00:00	pastebin-k4be	https://pastebin.k4be.pl/view/aeeb60a7	PadBot	PAD63x513651	a74349469c9497716361a2df0bf7d7f01850c27321a5ac2414999530d2e7c4b8	24	pad-heartbeat	idx=63 param=513651	1779101241.144089	63					133
2026-05-18T10:47:17+00:00	pastes		PadBot	PAD63x513651	36b677aba2f7a2f0159785f1ba324cb8c63ae6f34a2ed53ec8cfe6f17a1e23ab	37	pad-heartbeat	idx=63 param=513651	1779101241.144089	63					
2026-05-18T10:47:20+00:00	pastebin-k4be	https://pastebin.k4be.pl/view/b98beedf	PadBot	PAD64x285028	dbd52c7e382939a00ea06e53b7419b86691b29a8a2f0ac7ca20649cae285a5cb	25	pad-heartbeat	idx=64 param=285028	1779101244.8751216	64					124
2026-05-18T10:47:20+00:00	pastes		PadBot	PAD64x285028	623e47b4cca30aac1b05f4d0bb28c443b51e1f03d62dbb8d80821ee014b6aed1	38	pad-heartbeat	idx=64 param=285028	1779101244.8751216	64					
2026-05-18T10:47:24+00:00	pastebin-k4be	https://pastebin.k4be.pl/view/5ff185da	PadBot	PAD65x866320	01c8c0d770002c5847eaf2ae2c93171e93017a44a581e5911b3c7099b1c5b3fb	25	pad-heartbeat	idx=65 param=866320	1779101248.3875365	65					133
2026-05-18T10:47:24+00:00	pastes		PadBot	PAD65x866320	1b6eb6d3d980fc2ca5e0440a731a0b81ccdbf5cd24c4c981458196b93bd57360	38	pad-heartbeat	idx=65 param=866320	1779101248.3875365	65					
2026-05-18T10:47:27+00:00	pastebin-k4be	https://pastebin.k4be.pl/view/70817852	PadBot	PAD66x515334	ad5bc9da21a7328baf0aa7763087d830712dcddb58222505b3ae3340267a5814	25	pad-heartbeat	idx=66 param=515334	1779101251.9466126	66					122
2026-05-18T10:47:27+00:00	pastes		PadBot	PAD66x515334	f5dcffa3e097b5a182b8465aae2b196173a039ddf777f1b79a7f2da68065d521	38	pad-heartbeat	idx=66 param=515334	1779101251.9466126	66					
2026-05-18T10:47:30+00:00	pastebin-k4be	https://pastebin.k4be.pl/view/01c46e18	PadBot	PAD67x706293	71b6ddd686b718dfd9d6d8246bd50c9dee8eb1967e5d418e556baeb5ba627ac7	24	pad-heartbeat	idx=67 param=706293	1779101255.587651	67					126
2026-05-18T10:47:30+00:00	pastes		PadBot	PAD67x706293	9e9e9312bfb35db1612bf95839d247c27cbae24f624d5c135ef15f2366bb0e20	37	pad-heartbeat	idx=67 param=706293	1779101255.587651	67					
2026-05-18T10:47:33+00:00	pastebin-k4be	https://pastebin.k4be.pl/view/66d9de2f	PadBot	PAD68x264345	b6b246d8691730d842872b495a1542f232c352928b44ea01c3ae1adcc11bd2c3	25	pad-heartbeat	idx=68 param=264345	1779101259.1605115	68					138
2026-05-18T10:47:33+00:00	pastes		PadBot	PAD68x264345	9b5b5278a667d74c92c2bef514bb497e321d6beb96c683ad6136fc3e12cfe9e1	38	pad-heartbeat	idx=68 param=264345	1779101259.1605115	68					
2026-05-18T10:47:34+00:00	pastebin-k4be	https://pastebin.k4be.pl/view/7eca12ef	PadBot	PAD69x227227	eab23e3cca48a6eefb4b8583c5759a91fe81a446ab0b1a45404ea4bd578c246b	25	pad-heartbeat	idx=69 param=227227	1779101262.8462334	69					136
2026-05-18T10:47:34+00:00	pastes		PadBot	PAD69x227227	43094d87eb53627d63dff49d2b7c883a5effd8fe14e3661041f281c194e93dba	38	pad-heartbeat	idx=69 param=227227	1779101262.8462334	69					
2026-09-05T01:48:37+00:00	pastebin-k4be	https://pastebin.k4be.pl/view/b4a18fde	Ungracious Dormouse	Re: EPL 1995-00 home-away relegation data	4f81fbd7dc7bf11ea2ad0664b3a15e063ea6abff85a4f570f920523cb19695b7	755	epl-relegation-answer	kind=reply			57492617	EPL 1995-00 home-away relegation data	swarm	high	64
