task	hour_utc	category	occurrences
archive-item-research-bench	2026-05-28T07:00Z	cors_proxy	2
archive-item-research-bench	2026-05-28T07:00Z	fetch_proxy_markdown	3
archive-item-research-bench	2026-05-28T08:00Z	fetch_proxy_markdown	9
archive-item-research-bench	2026-05-28T09:00Z	fetch_proxy_markdown	27
archive-item-research-bench	2026-05-28T11:00Z	fetch_proxy_markdown	9
archive-item-research-bench	2026-05-28T12:00Z	archive_wayback	18
archive-item-research-bench	2026-05-28T12:00Z	cors_proxy	10
archive-item-research-bench	2026-05-28T12:00Z	data_source_library	37
archive-item-research-bench	2026-05-28T12:00Z	fetch_proxy_markdown	27
archive-item-research-bench	2026-05-28T13:00Z	cors_proxy	116
archive-item-research-bench	2026-05-28T13:00Z	data_source_library	81
archive-item-research-bench	2026-05-28T13:00Z	fetch_proxy_markdown	76
archive-item-research-bench	2026-05-28T13:00Z	jq_json_relay	43
archive-item-research-bench	2026-05-28T13:00Z	test_placeholder	3
archive-item-research-bench	2026-05-28T14:00Z	cors_proxy	58
archive-item-research-bench	2026-05-28T14:00Z	data_source_library	277
archive-item-research-bench	2026-05-28T14:00Z	data_source_us_gov	10
archive-item-research-bench	2026-05-28T14:00Z	fetch_proxy_markdown	153
archive-item-research-bench	2026-05-28T14:00Z	google_docs	26
archive-item-research-bench	2026-05-28T14:00Z	jq_json_relay	26
archive-item-research-bench	2026-05-28T14:00Z	test_placeholder	2
archive-item-research-bench	2026-05-28T14:00Z	wiki_self	2
archive-item-research-bench	2026-05-28T15:00Z	cors_proxy	86
archive-item-research-bench	2026-05-28T15:00Z	data_source_library	246
archive-item-research-bench	2026-05-28T15:00Z	data_source_other	4
archive-item-research-bench	2026-05-28T15:00Z	data_source_us_gov	5
archive-item-research-bench	2026-05-28T15:00Z	fetch_proxy_markdown	43
archive-item-research-bench	2026-05-28T15:00Z	google_docs	13
archive-item-research-bench	2026-05-28T15:00Z	jq_json_relay	5
archive-item-research-bench	2026-05-28T15:00Z	obfuscated_or_malformed	15
archive-item-research-bench	2026-05-28T15:00Z	test_placeholder	1
archive-item-research-bench	2026-05-28T15:00Z	wiki_self	1
archive-item-research-bench	2026-05-28T16:00Z	cors_proxy	50
archive-item-research-bench	2026-05-28T16:00Z	data_source_library	42
archive-item-research-bench	2026-05-28T16:00Z	jq_json_relay	5
archive-item-research-bench	2026-05-28T17:00Z	data_source_library	10
archive-item-research-bench	2026-05-30T17:00Z	data_source_library	3
archive-item-research-bench	2026-05-30T17:00Z	data_source_other	2
archive-item-research-bench	2026-05-30T19:00Z	data_source_library	18
archive-item-research-bench	2026-05-30T19:00Z	data_source_other	3
archive-item-research-bench	2026-05-30T20:00Z	cors_proxy	4
archive-item-research-bench	2026-05-30T20:00Z	data_source_other	1
archive-item-research-bench	2026-05-30T20:00Z	fetch_proxy_markdown	2
archive-item-research-bench	2026-05-30T21:00Z	archive_wayback	1
archive-item-research-bench	2026-05-30T21:00Z	cors_proxy	7
archive-item-research-bench	2026-05-30T21:00Z	data_source_library	29
archive-item-research-bench	2026-05-30T21:00Z	data_source_other	1
archive-item-research-bench	2026-05-30T21:00Z	fetch_proxy_markdown	11
archive-item-research-bench	2026-05-30T21:00Z	test_placeholder	1
archive-item-research-bench	2026-05-30T22:00Z	cors_proxy	13
archive-item-research-bench	2026-05-30T22:00Z	data_source_library	6
archive-item-research-bench	2026-05-30T23:00Z	cors_proxy	19
archive-item-research-bench	2026-05-30T23:00Z	data_source_other	1
archive-item-research-bench	2026-05-30T23:00Z	fetch_proxy_markdown	3
archive-item-research-bench	2026-05-30T23:00Z	wiki_self	1
archive-item-research-bench	2026-05-31T00:00Z	archive_wayback	1
archive-item-research-bench	2026-05-31T00:00Z	cors_proxy	4
archive-item-research-bench	2026-05-31T00:00Z	data_source_library	8
archive-item-research-bench	2026-05-31T00:00Z	data_source_other	1
archive-item-research-bench	2026-05-31T00:00Z	fetch_proxy_markdown	9
archive-item-research-bench	2026-06-01T00:00Z	fetch_proxy_markdown	5
archive-item-research-bench	2026-06-01T12:00Z	cors_proxy	4
archive-item-research-bench	2026-06-01T12:00Z	fetch_proxy_markdown	33
archive-item-research-bench	2026-06-01T13:00Z	archive_wayback	14
archive-item-research-bench	2026-06-01T13:00Z	cors_proxy	22
archive-item-research-bench	2026-06-01T13:00Z	fetch_proxy_markdown	97
archive-item-research-bench	2026-06-01T13:00Z	jq_json_relay	7
archive-item-research-bench	2026-06-01T14:00Z	archive_wayback	78
archive-item-research-bench	2026-06-01T14:00Z	cors_proxy	104
archive-item-research-bench	2026-06-01T14:00Z	data_source_library	1
archive-item-research-bench	2026-06-01T14:00Z	fetch_proxy_markdown	103
archive-item-research-bench	2026-06-01T14:00Z	google_docs	4
archive-item-research-bench	2026-06-01T14:00Z	jq_json_relay	151
archive-item-research-bench	2026-06-01T14:00Z	obfuscated_or_malformed	6
archive-item-research-bench	2026-06-01T14:00Z	test_placeholder	1
archive-item-research-bench	2026-06-01T14:00Z	wiki_self	1
archive-item-research-bench	2026-06-01T15:00Z	archive_wayback	8
archive-item-research-bench	2026-06-01T15:00Z	cors_proxy	11
archive-item-research-bench	2026-06-01T15:00Z	fetch_proxy_markdown	24
archive-item-research-bench	2026-06-01T15:00Z	jq_json_relay	31
archive-item-research-bench	2026-06-01T15:00Z	wiki_self	1
archive-item-research-bench	2026-06-06T07:00Z	cors_proxy	30
archive-item-research-bench	2026-06-06T07:00Z	data_source_publishing	51
archive-item-research-bench	2026-06-06T07:00Z	wiki_self	4
archive-item-research-bench	2026-06-06T08:00Z	cors_proxy	12
archive-item-research-bench	2026-06-06T08:00Z	data_source_publishing	18
archive-item-research-bench	2026-06-06T08:00Z	wiki_self	1
archive-item-research-bench	2026-06-11T02:00Z	cors_proxy	6
archive-item-research-bench	2026-06-11T03:00Z	cors_proxy	8
archive-item-research-bench	2026-06-11T03:00Z	data_source_datausa	1
archive-item-research-bench	2026-06-11T03:00Z	google_docs	3
archive-item-research-bench	2026-06-11T04:00Z	cors_proxy	23
archive-item-research-bench	2026-06-11T04:00Z	fetch_proxy_markdown	8
archive-item-research-bench	2026-06-11T05:00Z	cors_proxy	31
archive-item-research-bench	2026-06-11T05:00Z	fetch_proxy_markdown	2
archive-item-research-bench	2026-06-11T05:00Z	test_placeholder	1
archive-item-research-bench	2026-06-11T06:00Z	cloud_storage_dropbox	3
archive-item-research-bench	2026-06-11T06:00Z	cors_proxy	30
archive-item-research-bench	2026-06-11T06:00Z	fetch_proxy_markdown	6
archive-item-research-bench	2026-06-11T06:00Z	google_docs	25
archive-item-research-bench	2026-06-11T06:00Z	test_placeholder	2
archive-item-research-bench	2026-06-11T06:00Z	wiki_self	3
archive-item-research-bench	2026-06-11T07:00Z	cors_proxy	32
archive-item-research-bench	2026-06-11T07:00Z	fetch_proxy_markdown	12
archive-item-research-bench	2026-06-11T07:00Z	google_docs	6
archive-item-research-bench	2026-06-11T07:00Z	test_placeholder	2
archive-item-research-bench	2026-06-11T07:00Z	wiki_self	2
archive-item-research-bench	2026-06-11T08:00Z	cors_proxy	11
archive-item-research-bench	2026-06-11T09:00Z	cors_proxy	29
archive-item-research-bench	2026-06-11T09:00Z	data_source_library	1
archive-item-research-bench	2026-06-11T10:00Z	cors_proxy	28
archive-item-research-bench	2026-06-11T10:00Z	wiki_self	4
archive-item-research-bench	2026-06-11T11:00Z	cors_proxy	11
archive-item-research-bench	2026-06-11T12:00Z	cors_proxy	29
archive-item-research-bench	2026-06-11T12:00Z	wiki_self	3
archive-item-research-bench	2026-06-11T13:00Z	cors_proxy	35
archive-item-research-bench	2026-06-11T13:00Z	data_source_library	17
archive-item-research-bench	2026-06-11T13:00Z	data_source_publishing	1
archive-item-research-bench	2026-06-11T13:00Z	fetch_proxy_markdown	33
archive-item-research-bench	2026-06-11T13:00Z	jq_json_relay	7
archive-item-research-bench	2026-06-11T13:00Z	wiki_self	5
archive-item-research-bench	2026-06-11T14:00Z	archive_wayback	3
archive-item-research-bench	2026-06-11T14:00Z	cors_proxy	46
archive-item-research-bench	2026-06-11T14:00Z	data_source_library	25
archive-item-research-bench	2026-06-11T14:00Z	fetch_proxy_markdown	11
archive-item-research-bench	2026-06-11T14:00Z	jq_json_relay	13
archive-item-research-bench	2026-06-11T14:00Z	test_placeholder	2
archive-item-research-bench	2026-06-11T14:00Z	wiki_self	30
archive-item-research-bench	2026-06-11T15:00Z	cors_proxy	9
archive-item-research-bench	2026-06-11T15:00Z	data_source_library	6
archive-item-research-bench	2026-06-11T15:00Z	fetch_proxy_markdown	12
archive-item-research-bench	2026-06-11T15:00Z	google_docs	17
archive-item-research-bench	2026-06-11T15:00Z	wiki_self	6
archive-item-research-bench	2026-06-11T16:00Z	cors_proxy	19
archive-item-research-bench	2026-06-11T16:00Z	data_source_library	2
archive-item-research-bench	2026-06-11T16:00Z	fetch_proxy_markdown	1
archive-item-research-bench	2026-06-11T16:00Z	google_docs	4
archive-item-research-bench	2026-06-11T17:00Z	cors_proxy	5
archive-item-research-bench	2026-06-11T17:00Z	data_source_library	1
archive-item-research-bench	2026-06-11T17:00Z	google_docs	18
archive-item-research-bench	2026-06-11T18:00Z	archive_wayback	1
archive-item-research-bench	2026-06-11T18:00Z	wiki_self	14
archive-item-research-bench	2026-06-11T19:00Z	cors_proxy	7
archive-item-research-bench	2026-06-16T07:00Z	archive_wayback	2
archive-item-research-bench	2026-06-16T07:00Z	cors_proxy	3
archive-item-research-bench	2026-06-16T07:00Z	data_source_datausa	2
archive-item-research-bench	2026-06-16T07:00Z	google_docs	6
archive-item-research-bench	2026-06-16T07:00Z	wiki_self	32
archive-item-research-bench	2026-06-16T08:00Z	archive_wayback	3
archive-item-research-bench	2026-06-16T08:00Z	cors_proxy	3
archive-item-research-bench	2026-06-16T08:00Z	data_source_datausa	3
archive-item-research-bench	2026-06-16T08:00Z	google_docs	6
archive-item-research-bench	2026-06-16T08:00Z	wiki_self	54
archive-item-research-bench	2026-06-16T09:00Z	archive_wayback	3
archive-item-research-bench	2026-06-16T09:00Z	cors_proxy	7
archive-item-research-bench	2026-06-16T09:00Z	data_source_datausa	3
archive-item-research-bench	2026-06-16T09:00Z	test_placeholder	1
archive-item-research-bench	2026-06-16T09:00Z	wiki_self	59
archive-item-research-bench	2026-06-16T12:00Z	archive_wayback	1
archive-item-research-bench	2026-06-16T12:00Z	data_source_datausa	3
archive-item-research-bench	2026-06-16T12:00Z	wiki_self	21
archive-item-research-bench	2026-06-16T13:00Z	archive_wayback	2
archive-item-research-bench	2026-06-16T13:00Z	data_source_datausa	6
archive-item-research-bench	2026-06-16T13:00Z	wiki_self	44
archive-item-research-bench	2026-06-16T18:00Z	archive_wayback	2
archive-item-research-bench	2026-06-16T18:00Z	cors_proxy	15
archive-item-research-bench	2026-06-16T18:00Z	data_source_datausa	27
archive-item-research-bench	2026-06-16T18:00Z	data_source_library	4
archive-item-research-bench	2026-06-16T18:00Z	fetch_proxy_markdown	6
archive-item-research-bench	2026-06-16T18:00Z	google_docs	28
archive-item-research-bench	2026-06-16T18:00Z	wiki_self	53
archive-item-research-bench	2026-06-16T19:00Z	archive_wayback	11
archive-item-research-bench	2026-06-16T19:00Z	cors_proxy	9
archive-item-research-bench	2026-06-16T19:00Z	data_source_datausa	117
archive-item-research-bench	2026-06-16T19:00Z	data_source_library	4
archive-item-research-bench	2026-06-16T19:00Z	fetch_proxy_markdown	6
archive-item-research-bench	2026-06-16T19:00Z	google_docs	28
archive-item-research-bench	2026-06-16T19:00Z	wiki_self	299
archive-item-research-bench	2026-06-16T20:00Z	archive_wayback	2
archive-item-research-bench	2026-06-16T20:00Z	cors_proxy	9
archive-item-research-bench	2026-06-16T20:00Z	data_source_datausa	31
archive-item-research-bench	2026-06-16T20:00Z	wiki_self	53
archive-item-research-bench	2026-06-16T21:00Z	archive_wayback	2
archive-item-research-bench	2026-06-16T21:00Z	data_source_datausa	22
archive-item-research-bench	2026-06-16T21:00Z	wiki_self	53
archive-item-research-bench	2026-06-17T01:00Z	cors_proxy	5
archive-item-research-bench	2026-06-17T01:00Z	data_source_datausa	1
archive-item-research-bench	2026-06-18T16:00Z	cors_proxy	8
archive-item-research-bench	2026-06-18T16:00Z	data_source_datausa	4
archive-item-research-bench	2026-06-18T16:00Z	data_source_library	8
archive-item-research-bench	2026-06-18T16:00Z	fetch_proxy_markdown	12
archive-item-research-bench	2026-06-18T16:00Z	wiki_self	6
archive-item-research-bench	2026-06-18T17:00Z	cors_proxy	23
archive-item-research-bench	2026-06-18T17:00Z	data_source_datausa	8
archive-item-research-bench	2026-06-18T17:00Z	data_source_library	19
archive-item-research-bench	2026-06-18T17:00Z	data_source_sec_investor	20
archive-item-research-bench	2026-06-18T17:00Z	fetch_proxy_markdown	24
archive-item-research-bench	2026-06-18T17:00Z	test_placeholder	4
archive-item-research-bench	2026-06-18T17:00Z	wiki_self	82
archive-item-research-bench	2026-06-18T18:00Z	cors_proxy	29
archive-item-research-bench	2026-06-18T18:00Z	data_source_library	7
archive-item-research-bench	2026-06-18T18:00Z	data_source_sec_investor	13
archive-item-research-bench	2026-06-18T18:00Z	fetch_proxy_markdown	28
archive-item-research-bench	2026-06-18T18:00Z	google_docs	34
archive-item-research-bench	2026-06-18T18:00Z	jq_json_relay	30
archive-item-research-bench	2026-06-18T18:00Z	test_placeholder	1
archive-item-research-bench	2026-06-18T18:00Z	url_shortener	26
archive-item-research-bench	2026-06-18T18:00Z	wiki_self	10
archive-item-research-bench	2026-06-18T19:00Z	cors_proxy	32
archive-item-research-bench	2026-06-18T19:00Z	data_source_datausa	1
archive-item-research-bench	2026-06-18T19:00Z	data_source_library	5
archive-item-research-bench	2026-06-18T19:00Z	data_source_publishing	1
archive-item-research-bench	2026-06-18T19:00Z	fetch_proxy_markdown	14
archive-item-research-bench	2026-06-18T19:00Z	google_docs	2
archive-item-research-bench	2026-06-18T19:00Z	jq_json_relay	13
archive-item-research-bench	2026-06-18T19:00Z	test_placeholder	1
archive-item-research-bench	2026-06-18T20:00Z	cors_proxy	7
archive-item-research-bench	2026-06-18T20:00Z	data_source_sec_investor	8
archive-item-research-bench	2026-06-18T20:00Z	fetch_proxy_markdown	2
archive-item-research-bench	2026-06-18T20:00Z	google_docs	16
archive-item-research-bench	2026-06-18T20:00Z	jq_json_relay	9
archive-item-research-bench	2026-06-18T20:00Z	test_placeholder	1
archive-item-research-bench	2026-06-18T21:00Z	archive_wayback	1
archive-item-research-bench	2026-06-18T21:00Z	cors_proxy	15
archive-item-research-bench	2026-06-18T21:00Z	data_source_library	2
archive-item-research-bench	2026-06-18T21:00Z	test_placeholder	1
archive-item-research-bench	2026-06-22T02:00Z	data_source_datausa	3
archive-item-research-bench	2026-06-22T02:00Z	fetch_proxy_markdown	4
fast-follow-question-bench	2026-06-16T10:00Z	data_source_datausa	13
fast-follow-question-bench	2026-06-16T11:00Z	cors_proxy	10
fast-follow-question-bench	2026-06-16T11:00Z	data_source_datausa	1
fast-follow-question-bench	2026-06-16T12:00Z	data_source_datausa	1
fast-follow-question-bench	2026-06-16T13:00Z	archive_wayback	1
fast-follow-question-bench	2026-06-16T13:00Z	data_source_datausa	3
fast-follow-question-bench	2026-06-16T13:00Z	wiki_self	22
fast-follow-question-bench	2026-06-16T18:00Z	archive_wayback	2
fast-follow-question-bench	2026-06-16T18:00Z	data_source_datausa	13
fast-follow-question-bench	2026-06-16T18:00Z	wiki_self	44
fast-follow-question-bench	2026-06-16T19:00Z	archive_wayback	11
fast-follow-question-bench	2026-06-16T19:00Z	cors_proxy	8
fast-follow-question-bench	2026-06-16T19:00Z	data_source_datausa	111
fast-follow-question-bench	2026-06-16T19:00Z	wiki_self	293
fast-follow-question-bench	2026-06-16T20:00Z	archive_wayback	2
fast-follow-question-bench	2026-06-16T20:00Z	cors_proxy	3
fast-follow-question-bench	2026-06-16T20:00Z	data_source_datausa	50
fast-follow-question-bench	2026-06-16T20:00Z	wiki_self	67
fast-follow-question-bench	2026-06-16T21:00Z	archive_wayback	2
fast-follow-question-bench	2026-06-16T21:00Z	data_source_datausa	32
fast-follow-question-bench	2026-06-16T21:00Z	wiki_self	55
fast-follow-question-bench	2026-06-16T22:00Z	counter_signalling	91
fast-follow-question-bench	2026-06-16T22:00Z	data_source_datausa	16
fast-follow-question-bench	2026-06-16T22:00Z	wiki_self	19
fast-follow-question-bench	2026-06-16T23:00Z	counter_signalling	54
fast-follow-question-bench	2026-06-16T23:00Z	data_source_datausa	2
fast-follow-question-bench	2026-06-17T00:00Z	counter_signalling	55
fast-follow-question-bench	2026-06-17T00:00Z	data_source_datausa	10
fast-follow-question-bench	2026-06-17T01:00Z	cors_proxy	1
fast-follow-question-bench	2026-06-17T01:00Z	counter_signalling	88
fast-follow-question-bench	2026-06-17T01:00Z	data_source_datausa	32
fast-follow-question-bench	2026-06-17T01:00Z	wiki_self	9
fast-follow-question-bench	2026-06-17T02:00Z	cors_proxy	1
fast-follow-question-bench	2026-06-17T02:00Z	counter_signalling	58
fast-follow-question-bench	2026-06-17T02:00Z	data_source_datausa	5
fast-follow-question-bench	2026-06-17T02:00Z	wiki_self	16
fast-follow-question-bench	2026-06-17T03:00Z	counter_signalling	12
fast-follow-question-bench	2026-06-17T03:00Z	data_source_datausa	3
fast-follow-question-bench	2026-06-17T03:00Z	wiki_self	2
fast-follow-question-bench	2026-06-17T04:00Z	counter_signalling	1
fast-follow-question-bench	2026-06-17T05:00Z	counter_signalling	4
fast-follow-question-bench	2026-06-17T05:00Z	data_source_datausa	1
fast-follow-question-bench	2026-06-17T06:00Z	counter_signalling	7
fast-follow-question-bench	2026-06-17T07:00Z	cors_proxy	1
fast-follow-question-bench	2026-06-17T07:00Z	data_source_datausa	6
fast-follow-question-bench	2026-06-17T08:00Z	cors_proxy	11
fast-follow-question-bench	2026-06-17T09:00Z	cors_proxy	7
fast-follow-question-bench	2026-06-17T09:00Z	counter_signalling	7
fast-follow-question-bench	2026-06-17T09:00Z	data_source_health	1
fast-follow-question-bench	2026-06-17T11:00Z	counter_signalling	6
fast-follow-question-bench	2026-06-17T11:00Z	data_source_health	1
fast-follow-question-bench	2026-06-17T12:00Z	data_source_health	1
fast-follow-question-bench	2026-06-17T12:00Z	data_source_library	1
fast-follow-question-bench	2026-06-17T13:00Z	counter_signalling	1
fast-follow-question-bench	2026-06-17T13:00Z	data_source_health	1
fast-follow-question-bench	2026-06-17T14:00Z	counter_signalling	1
fast-follow-question-bench	2026-06-17T15:00Z	counter_signalling	1
fast-follow-question-bench	2026-06-17T16:00Z	counter_signalling	9
fast-follow-question-bench	2026-06-17T17:00Z	counter_signalling	2
fast-follow-question-bench	2026-06-17T18:00Z	counter_signalling	3
fast-follow-question-bench	2026-06-17T19:00Z	data_source_health	2
fast-follow-question-bench	2026-06-17T22:00Z	data_source_datausa	1
fast-follow-question-bench	2026-06-18T00:00Z	counter_signalling	1
fast-follow-question-bench	2026-06-18T01:00Z	counter_signalling	5
fast-follow-question-bench	2026-06-18T06:00Z	counter_signalling	1
fast-follow-question-bench	2026-06-18T11:00Z	counter_signalling	1
fast-follow-question-bench	2026-06-18T13:00Z	counter_signalling	1
fast-follow-question-bench	2026-06-18T14:00Z	counter_signalling	6
fast-follow-question-bench	2026-06-18T16:00Z	counter_signalling	5
fast-follow-question-bench	2026-06-18T17:00Z	counter_signalling	4
fast-follow-question-bench	2026-06-18T18:00Z	counter_signalling	3
fast-follow-question-bench	2026-06-18T19:00Z	counter_signalling	1
fast-follow-question-bench	2026-06-18T19:00Z	data_source_sec_investor	6
fast-follow-question-bench	2026-06-18T19:00Z	jq_json_relay	4
fast-follow-question-bench	2026-06-19T03:00Z	data_source_datausa	5
fast-follow-question-bench	2026-06-19T03:00Z	fetch_proxy_markdown	6
fast-follow-question-bench	2026-06-19T03:00Z	google_translate_proxy	2
fast-follow-question-bench	2026-06-19T05:00Z	data_source_datausa	1
fast-follow-question-bench	2026-06-19T06:00Z	data_source_datausa	12
fast-follow-question-bench	2026-06-19T12:00Z	data_source_datausa	1
fast-follow-question-bench	2026-06-19T13:00Z	data_source_datausa	2
fast-follow-question-bench	2026-06-19T14:00Z	counter_signalling	1
fast-follow-question-bench	2026-06-19T15:00Z	counter_signalling	7
fast-follow-question-bench	2026-06-19T16:00Z	counter_signalling	4
fast-follow-question-bench	2026-06-19T18:00Z	data_source_datausa	1
fast-follow-question-bench	2026-06-19T23:00Z	data_source_health	2
fast-follow-question-bench	2026-06-20T00:00Z	data_source_health	1
fast-follow-question-bench	2026-06-20T01:00Z	counter_signalling	5
fast-follow-question-bench	2026-06-20T02:00Z	counter_signalling	1
fast-follow-question-bench	2026-06-20T03:00Z	counter_signalling	10
fast-follow-question-bench	2026-06-20T03:00Z	data_source_health	3
fast-follow-question-bench	2026-06-20T04:00Z	counter_signalling	3
fast-follow-question-bench	2026-06-20T04:00Z	data_source_health	4
fast-follow-question-bench	2026-06-20T05:00Z	cloud_storage_dropbox	10
fast-follow-question-bench	2026-06-20T05:00Z	counter_signalling	4
fast-follow-question-bench	2026-06-20T05:00Z	data_source_health	10
fast-follow-question-bench	2026-06-20T06:00Z	cloud_storage_dropbox	7
fast-follow-question-bench	2026-06-20T06:00Z	counter_signalling	13
fast-follow-question-bench	2026-06-20T06:00Z	data_source_library	5
fast-follow-question-bench	2026-06-20T08:00Z	counter_signalling	16
fast-follow-question-bench	2026-06-20T09:00Z	counter_signalling	10
fast-follow-question-bench	2026-06-20T09:00Z	data_source_health	1
fast-follow-question-bench	2026-06-20T10:00Z	counter_signalling	13
fast-follow-question-bench	2026-06-20T10:00Z	data_source_health	2
fast-follow-question-bench	2026-06-20T11:00Z	counter_signalling	8
fast-follow-question-bench	2026-06-20T11:00Z	data_source_health	2
fast-follow-question-bench	2026-06-20T12:00Z	counter_signalling	6
fast-follow-question-bench	2026-06-20T13:00Z	counter_signalling	4
fast-follow-question-bench	2026-06-20T14:00Z	data_source_health	1
fast-follow-question-bench	2026-06-20T17:00Z	counter_signalling	1
fast-follow-question-bench	2026-06-20T17:00Z	data_source_health	1
fast-follow-question-bench	2026-06-20T18:00Z	counter_signalling	1
fast-follow-question-bench	2026-06-20T19:00Z	data_source_health	3
fast-follow-question-bench	2026-06-20T20:00Z	counter_signalling	4
fast-follow-question-bench	2026-06-20T20:00Z	data_source_health	1
fast-follow-question-bench	2026-06-20T21:00Z	counter_signalling	1
fast-follow-question-bench	2026-06-20T21:00Z	data_source_health	2
fast-follow-question-bench	2026-06-20T23:00Z	counter_signalling	2
fast-follow-question-bench	2026-06-21T02:00Z	counter_signalling	2
fast-follow-question-bench	2026-06-21T03:00Z	data_source_datausa	7
fast-follow-question-bench	2026-06-21T05:00Z	data_source_datausa	4
fast-follow-question-bench	2026-06-21T06:00Z	data_source_datausa	7
fast-follow-question-bench	2026-06-21T06:00Z	url_shortener	2
fast-follow-question-bench	2026-06-21T07:00Z	data_source_datausa	1
fast-follow-question-bench	2026-06-21T07:00Z	url_shortener	1
fast-follow-question-bench	2026-06-21T08:00Z	counter_signalling	2
fast-follow-question-bench	2026-06-21T10:00Z	counter_signalling	1
fast-follow-question-bench	2026-06-21T10:00Z	data_source_health	1
fast-follow-question-bench	2026-06-21T11:00Z	counter_signalling	1
fast-follow-question-bench	2026-06-21T11:00Z	data_source_datausa	3
fast-follow-question-bench	2026-06-21T11:00Z	data_source_health	8
fast-follow-question-bench	2026-06-21T11:00Z	test_placeholder	1
fast-follow-question-bench	2026-06-21T11:00Z	wiki_self	2
fast-follow-question-bench	2026-06-21T12:00Z	counter_signalling	1
fast-follow-question-bench	2026-06-21T12:00Z	data_source_datausa	3
fast-follow-question-bench	2026-06-21T12:00Z	data_source_health	7
fast-follow-question-bench	2026-06-21T12:00Z	test_placeholder	1
fast-follow-question-bench	2026-06-21T12:00Z	wiki_self	7
fast-follow-question-bench	2026-06-21T13:00Z	data_source_health	5
fast-follow-question-bench	2026-06-21T13:00Z	test_placeholder	2
fast-follow-question-bench	2026-06-21T13:00Z	wiki_self	5
fast-follow-question-bench	2026-06-21T14:00Z	counter_signalling	4
fast-follow-question-bench	2026-06-21T14:00Z	test_placeholder	1
fast-follow-question-bench	2026-06-21T15:00Z	counter_signalling	1
fast-follow-question-bench	2026-06-21T15:00Z	test_placeholder	1
fast-follow-question-bench	2026-06-21T16:00Z	counter_signalling	1
fast-follow-question-bench	2026-06-21T16:00Z	data_source_health	1
fast-follow-question-bench	2026-06-21T16:00Z	test_placeholder	1
fast-follow-question-bench	2026-06-21T16:00Z	wiki_self	1
fast-follow-question-bench	2026-06-21T17:00Z	data_source_health	1
fast-follow-question-bench	2026-06-21T17:00Z	test_placeholder	3
fast-follow-question-bench	2026-06-21T17:00Z	wiki_self	1
fast-follow-question-bench	2026-06-21T18:00Z	data_source_datausa	2
fast-follow-question-bench	2026-06-21T18:00Z	test_placeholder	1
fast-follow-question-bench	2026-06-21T19:00Z	counter_signalling	31
fast-follow-question-bench	2026-06-21T19:00Z	data_source_datausa	3
fast-follow-question-bench	2026-06-21T19:00Z	test_placeholder	3
fast-follow-question-bench	2026-06-21T20:00Z	counter_signalling	6
fast-follow-question-bench	2026-06-21T20:00Z	data_source_health	1
fast-follow-question-bench	2026-06-21T20:00Z	test_placeholder	2
fast-follow-question-bench	2026-06-21T21:00Z	test_placeholder	1
fast-follow-question-bench	2026-06-21T22:00Z	counter_signalling	3
fast-follow-question-bench	2026-06-21T23:00Z	counter_signalling	3
fast-follow-question-bench	2026-06-21T23:00Z	test_placeholder	1
sec-regcf-ma-cache	2026-06-18T14:00Z	cors_proxy	19
sec-regcf-ma-cache	2026-06-18T14:00Z	data_source_datausa	100
sec-regcf-ma-cache	2026-06-18T14:00Z	data_source_sec_investor	3
sec-regcf-ma-cache	2026-06-18T14:00Z	fetch_proxy_markdown	153
sec-regcf-ma-cache	2026-06-18T14:00Z	test_placeholder	8
sec-regcf-ma-cache	2026-06-18T14:00Z	url_shortener	11
sec-regcf-ma-cache	2026-06-18T14:00Z	wiki_self	5
sec-regcf-ma-cache	2026-06-18T15:00Z	cors_proxy	46
sec-regcf-ma-cache	2026-06-18T15:00Z	data_source_datausa	117
sec-regcf-ma-cache	2026-06-18T15:00Z	data_source_library	2
sec-regcf-ma-cache	2026-06-18T15:00Z	data_source_sec_investor	83
sec-regcf-ma-cache	2026-06-18T15:00Z	fetch_proxy_markdown	223
sec-regcf-ma-cache	2026-06-18T15:00Z	jq_json_relay	175
sec-regcf-ma-cache	2026-06-18T15:00Z	test_placeholder	2
sec-regcf-ma-cache	2026-06-18T15:00Z	url_shortener	1
sec-regcf-ma-cache	2026-06-18T15:00Z	wiki_self	52
sec-regcf-ma-cache	2026-06-18T16:00Z	cloud_storage_dropbox	4
sec-regcf-ma-cache	2026-06-18T16:00Z	cors_proxy	106
sec-regcf-ma-cache	2026-06-18T16:00Z	data_source_datausa	153
sec-regcf-ma-cache	2026-06-18T16:00Z	data_source_library	3
sec-regcf-ma-cache	2026-06-18T16:00Z	data_source_other	3
sec-regcf-ma-cache	2026-06-18T16:00Z	data_source_sec_investor	185
sec-regcf-ma-cache	2026-06-18T16:00Z	data_source_us_gov	4
sec-regcf-ma-cache	2026-06-18T16:00Z	fetch_proxy_markdown	483
sec-regcf-ma-cache	2026-06-18T16:00Z	google_docs	9
sec-regcf-ma-cache	2026-06-18T16:00Z	jq_json_relay	654
sec-regcf-ma-cache	2026-06-18T16:00Z	obfuscated_or_malformed	6
sec-regcf-ma-cache	2026-06-18T16:00Z	test_placeholder	13
sec-regcf-ma-cache	2026-06-18T16:00Z	url_shortener	122
sec-regcf-ma-cache	2026-06-18T16:00Z	wiki_self	254
sec-regcf-ma-cache	2026-06-18T17:00Z	archive_wayback	2
sec-regcf-ma-cache	2026-06-18T17:00Z	cloud_storage_dropbox	3
sec-regcf-ma-cache	2026-06-18T17:00Z	cors_proxy	464
sec-regcf-ma-cache	2026-06-18T17:00Z	data_source_datausa	152
sec-regcf-ma-cache	2026-06-18T17:00Z	data_source_library	105
sec-regcf-ma-cache	2026-06-18T17:00Z	data_source_other	13
sec-regcf-ma-cache	2026-06-18T17:00Z	data_source_sec_investor	712
sec-regcf-ma-cache	2026-06-18T17:00Z	data_source_us_gov	44
sec-regcf-ma-cache	2026-06-18T17:00Z	fetch_proxy_markdown	551
sec-regcf-ma-cache	2026-06-18T17:00Z	google_docs	16
sec-regcf-ma-cache	2026-06-18T17:00Z	google_translate_proxy	1
sec-regcf-ma-cache	2026-06-18T17:00Z	jq_json_relay	1543
sec-regcf-ma-cache	2026-06-18T17:00Z	obfuscated_or_malformed	5
sec-regcf-ma-cache	2026-06-18T17:00Z	test_placeholder	16
sec-regcf-ma-cache	2026-06-18T17:00Z	url_shortener	308
sec-regcf-ma-cache	2026-06-18T17:00Z	wiki_self	556
sec-regcf-ma-cache	2026-06-18T18:00Z	archive_wayback	9
sec-regcf-ma-cache	2026-06-18T18:00Z	cloud_storage_dropbox	2
sec-regcf-ma-cache	2026-06-18T18:00Z	cors_proxy	916
sec-regcf-ma-cache	2026-06-18T18:00Z	data_source_datausa	12
sec-regcf-ma-cache	2026-06-18T18:00Z	data_source_finance	1
sec-regcf-ma-cache	2026-06-18T18:00Z	data_source_library	81
sec-regcf-ma-cache	2026-06-18T18:00Z	data_source_other	87
sec-regcf-ma-cache	2026-06-18T18:00Z	data_source_sec_investor	2108
sec-regcf-ma-cache	2026-06-18T18:00Z	data_source_us_gov	29
sec-regcf-ma-cache	2026-06-18T18:00Z	fetch_proxy_markdown	1984
sec-regcf-ma-cache	2026-06-18T18:00Z	google_docs	64
sec-regcf-ma-cache	2026-06-18T18:00Z	google_translate_proxy	5
sec-regcf-ma-cache	2026-06-18T18:00Z	jq_json_relay	3092
sec-regcf-ma-cache	2026-06-18T18:00Z	obfuscated_or_malformed	16
sec-regcf-ma-cache	2026-06-18T18:00Z	test_placeholder	7
sec-regcf-ma-cache	2026-06-18T18:00Z	url_shortener	113
sec-regcf-ma-cache	2026-06-18T18:00Z	wiki_self	1700
sec-regcf-ma-cache	2026-06-18T19:00Z	archive_wayback	1
sec-regcf-ma-cache	2026-06-18T19:00Z	cloud_storage_dropbox	7
sec-regcf-ma-cache	2026-06-18T19:00Z	cors_proxy	932
sec-regcf-ma-cache	2026-06-18T19:00Z	counter_signalling	1
sec-regcf-ma-cache	2026-06-18T19:00Z	data_source_datausa	27
sec-regcf-ma-cache	2026-06-18T19:00Z	data_source_library	70
sec-regcf-ma-cache	2026-06-18T19:00Z	data_source_other	61
sec-regcf-ma-cache	2026-06-18T19:00Z	data_source_publishing	1
sec-regcf-ma-cache	2026-06-18T19:00Z	data_source_sec_investor	3752
sec-regcf-ma-cache	2026-06-18T19:00Z	data_source_us_gov	18
sec-regcf-ma-cache	2026-06-18T19:00Z	fetch_proxy_markdown	2549
sec-regcf-ma-cache	2026-06-18T19:00Z	google_docs	27
sec-regcf-ma-cache	2026-06-18T19:00Z	google_translate_proxy	69
sec-regcf-ma-cache	2026-06-18T19:00Z	jq_json_relay	4593
sec-regcf-ma-cache	2026-06-18T19:00Z	obfuscated_or_malformed	50
sec-regcf-ma-cache	2026-06-18T19:00Z	test_placeholder	11
sec-regcf-ma-cache	2026-06-18T19:00Z	url_shortener	111
sec-regcf-ma-cache	2026-06-18T19:00Z	wiki_self	2817
sec-regcf-ma-cache	2026-06-18T20:00Z	archive_wayback	18
sec-regcf-ma-cache	2026-06-18T20:00Z	cloud_storage_dropbox	2
sec-regcf-ma-cache	2026-06-18T20:00Z	cors_proxy	601
sec-regcf-ma-cache	2026-06-18T20:00Z	data_source_datausa	21
sec-regcf-ma-cache	2026-06-18T20:00Z	data_source_library	41
sec-regcf-ma-cache	2026-06-18T20:00Z	data_source_other	36
sec-regcf-ma-cache	2026-06-18T20:00Z	data_source_sec_investor	7362
sec-regcf-ma-cache	2026-06-18T20:00Z	data_source_us_gov	82
sec-regcf-ma-cache	2026-06-18T20:00Z	fetch_proxy_markdown	4450
sec-regcf-ma-cache	2026-06-18T20:00Z	google_docs	21
sec-regcf-ma-cache	2026-06-18T20:00Z	google_translate_proxy	47
sec-regcf-ma-cache	2026-06-18T20:00Z	jq_json_relay	6659
sec-regcf-ma-cache	2026-06-18T20:00Z	obfuscated_or_malformed	2
sec-regcf-ma-cache	2026-06-18T20:00Z	test_placeholder	12
sec-regcf-ma-cache	2026-06-18T20:00Z	url_shortener	11
sec-regcf-ma-cache	2026-06-18T20:00Z	wiki_self	9783
sec-regcf-ma-cache	2026-06-18T21:00Z	archive_wayback	1
sec-regcf-ma-cache	2026-06-18T21:00Z	cors_proxy	1030
sec-regcf-ma-cache	2026-06-18T21:00Z	data_source_library	7
sec-regcf-ma-cache	2026-06-18T21:00Z	data_source_other	7
sec-regcf-ma-cache	2026-06-18T21:00Z	data_source_sec_investor	3654
sec-regcf-ma-cache	2026-06-18T21:00Z	data_source_us_gov	6
sec-regcf-ma-cache	2026-06-18T21:00Z	fetch_proxy_markdown	2387
sec-regcf-ma-cache	2026-06-18T21:00Z	google_docs	4
sec-regcf-ma-cache	2026-06-18T21:00Z	google_translate_proxy	23
sec-regcf-ma-cache	2026-06-18T21:00Z	jq_json_relay	3674
sec-regcf-ma-cache	2026-06-18T21:00Z	obfuscated_or_malformed	2
sec-regcf-ma-cache	2026-06-18T21:00Z	test_placeholder	3
sec-regcf-ma-cache	2026-06-18T21:00Z	url_shortener	5
sec-regcf-ma-cache	2026-06-18T21:00Z	wiki_self	5728
sec-regcf-ma-cache	2026-06-18T22:00Z	jq_json_relay	6
sec-regcf-ma-cache	2026-06-18T23:00Z	cors_proxy	1
sec-regcf-ma-cache	2026-06-18T23:00Z	data_source_other	1
sec-regcf-ma-cache	2026-06-18T23:00Z	data_source_sec_investor	3
sec-regcf-ma-cache	2026-06-18T23:00Z	fetch_proxy_markdown	2
sec-regcf-ma-cache	2026-06-18T23:00Z	jq_json_relay	72
sec-regcf-ma-cache	2026-06-18T23:00Z	wiki_self	28
sec-regcf-ma-cache	2026-06-19T00:00Z	cors_proxy	10
sec-regcf-ma-cache	2026-06-19T00:00Z	data_source_other	1
sec-regcf-ma-cache	2026-06-19T00:00Z	data_source_sec_investor	270
sec-regcf-ma-cache	2026-06-19T00:00Z	fetch_proxy_markdown	107
sec-regcf-ma-cache	2026-06-19T00:00Z	jq_json_relay	111
sec-regcf-ma-cache	2026-06-19T00:00Z	test_placeholder	1
sec-regcf-ma-cache	2026-06-19T00:00Z	wiki_self	122
sec-regcf-ma-cache	2026-06-19T01:00Z	cors_proxy	5
sec-regcf-ma-cache	2026-06-19T01:00Z	data_source_other	1
sec-regcf-ma-cache	2026-06-19T01:00Z	data_source_sec_investor	110
sec-regcf-ma-cache	2026-06-19T01:00Z	fetch_proxy_markdown	41
sec-regcf-ma-cache	2026-06-19T01:00Z	google_translate_proxy	1
sec-regcf-ma-cache	2026-06-19T01:00Z	jq_json_relay	92
sec-regcf-ma-cache	2026-06-19T01:00Z	url_shortener	1
sec-regcf-ma-cache	2026-06-19T01:00Z	wiki_self	63
sec-regcf-ma-cache	2026-06-19T03:00Z	data_source_datausa	4
sec-regcf-ma-cache	2026-06-19T03:00Z	data_source_sec_investor	37
sec-regcf-ma-cache	2026-06-19T03:00Z	fetch_proxy_markdown	29
sec-regcf-ma-cache	2026-06-19T03:00Z	google_translate_proxy	4
sec-regcf-ma-cache	2026-06-19T03:00Z	jq_json_relay	7
sec-regcf-ma-cache	2026-06-19T04:00Z	data_source_datausa	2
sec-regcf-ma-cache	2026-06-19T04:00Z	fetch_proxy_markdown	5
sec-regcf-ma-cache	2026-06-19T04:00Z	jq_json_relay	14
sec-regcf-ma-cache	2026-06-19T04:00Z	test_placeholder	1
sec-regcf-ma-cache	2026-06-19T13:00Z	cors_proxy	7
sec-regcf-ma-cache	2026-06-19T13:00Z	data_source_datausa	2
sec-regcf-ma-cache	2026-06-19T13:00Z	data_source_sec_investor	5
sec-regcf-ma-cache	2026-06-19T13:00Z	data_source_us_gov	6
sec-regcf-ma-cache	2026-06-19T13:00Z	fetch_proxy_markdown	5
sec-regcf-ma-cache	2026-06-19T13:00Z	wiki_self	4
sec-regcf-ma-cache	2026-06-19T20:00Z	cors_proxy	1
sec-regcf-ma-cache	2026-06-19T20:00Z	data_source_datausa	1
sec-regcf-ma-cache	2026-06-19T21:00Z	data_source_datausa	1
sec-regcf-ma-cache	2026-06-19T21:00Z	data_source_sec_investor	2
sec-regcf-ma-cache	2026-06-19T21:00Z	fetch_proxy_markdown	1
sec-regcf-ma-cache	2026-06-19T21:00Z	jq_json_relay	5
sec-regcf-ma-cache	2026-06-19T21:00Z	wiki_self	4
sec-regcf-ma-cache	2026-06-20T00:00Z	data_source_datausa	2
sec-regcf-ma-cache	2026-06-20T00:00Z	data_source_sec_investor	3
sec-regcf-ma-cache	2026-06-20T00:00Z	fetch_proxy_markdown	4
sec-regcf-ma-cache	2026-06-20T01:00Z	data_source_datausa	1
sec-regcf-ma-cache	2026-06-20T01:00Z	jq_json_relay	4
sec-regcf-ma-cache	2026-06-20T11:00Z	data_source_datausa	2
sec-regcf-ma-cache	2026-06-20T11:00Z	fetch_proxy_markdown	5
sec-regcf-ma-cache	2026-06-20T11:00Z	jq_json_relay	14
sec-regcf-ma-cache	2026-06-20T11:00Z	test_placeholder	2
sec-regcf-ma-cache	2026-06-20T19:00Z	fetch_proxy_markdown	2
sec-regcf-ma-cache	2026-06-20T19:00Z	jq_json_relay	25
sec-regcf-ma-cache	2026-06-21T18:00Z	data_source_health	1
sec-regcf-ma-cache	2026-06-21T18:00Z	data_source_sec_investor	1
sec-regcf-ma-cache	2026-06-21T18:00Z	fetch_proxy_markdown	2
sec-regcf-ma-cache	2026-06-21T18:00Z	jq_json_relay	4
sec-regcf-ma-cache	2026-06-21T18:00Z	wiki_self	19
sec-regcf-ma-cache	2026-06-21T19:00Z	data_source_datausa	8
sec-regcf-ma-cache	2026-06-21T19:00Z	fetch_proxy_markdown	10
sec-regcf-ma-cache	2026-06-21T19:00Z	jq_json_relay	28
sec-regcf-ma-cache	2026-06-21T19:00Z	test_placeholder	4
sec-regcf-ma-cache	2026-06-21T20:00Z	data_source_datausa	6
sec-regcf-ma-cache	2026-06-21T20:00Z	fetch_proxy_markdown	5
sec-regcf-ma-cache	2026-06-21T20:00Z	jq_json_relay	14
sec-regcf-ma-cache	2026-06-21T20:00Z	test_placeholder	2
sec-regcf-ma-cache	2026-06-21T21:00Z	data_source_datausa	15
sec-regcf-ma-cache	2026-06-21T21:00Z	fetch_proxy_markdown	10
sec-regcf-ma-cache	2026-06-21T21:00Z	jq_json_relay	28
sec-regcf-ma-cache	2026-06-21T21:00Z	test_placeholder	4
sec-regcf-ma-cache	2026-06-21T22:00Z	data_source_datausa	9
sec-regcf-ma-cache	2026-06-21T22:00Z	fetch_proxy_markdown	5
sec-regcf-ma-cache	2026-06-21T22:00Z	jq_json_relay	14
sec-regcf-ma-cache	2026-06-21T22:00Z	test_placeholder	2
sec-regcf-ma-cache	2026-06-22T00:00Z	archive_wayback	1
sec-regcf-ma-cache	2026-06-22T00:00Z	data_source_datausa	5
sec-regcf-ma-cache	2026-06-22T00:00Z	fetch_proxy_markdown	1
sec-regcf-ma-cache	2026-06-22T00:00Z	jq_json_relay	14
sec-regcf-ma-cache	2026-06-22T00:00Z	wiki_self	6
sec-regcf-ma-cache	2026-06-22T02:00Z	archive_wayback	4
sec-regcf-ma-cache	2026-06-22T02:00Z	data_source_datausa	16
sec-regcf-ma-cache	2026-06-22T02:00Z	fetch_proxy_markdown	4
sec-regcf-ma-cache	2026-06-22T02:00Z	jq_json_relay	24
sec-regcf-ma-cache	2026-06-22T02:00Z	wiki_self	8
sec-regcf-ma-cache	2026-06-22T03:00Z	data_source_datausa	12
sec-regcf-ma-cache	2026-06-22T03:00Z	fetch_proxy_markdown	5
sec-regcf-ma-cache	2026-06-22T03:00Z	jq_json_relay	18
sec-regcf-ma-cache	2026-06-22T03:00Z	test_placeholder	2
sec-regcf-ma-cache	2026-06-22T07:00Z	archive_wayback	1
sec-regcf-ma-cache	2026-06-22T07:00Z	data_source_datausa	5
sec-regcf-ma-cache	2026-06-22T07:00Z	fetch_proxy_markdown	1
sec-regcf-ma-cache	2026-06-22T07:00Z	jq_json_relay	4
sec-regcf-ma-cache	2026-06-22T07:00Z	wiki_self	3
sec-regcf-ma-cache	2026-06-22T08:00Z	archive_wayback	4
sec-regcf-ma-cache	2026-06-22T08:00Z	cors_proxy	3
sec-regcf-ma-cache	2026-06-22T08:00Z	data_source_datausa	50
sec-regcf-ma-cache	2026-06-22T08:00Z	fetch_proxy_markdown	9
sec-regcf-ma-cache	2026-06-22T08:00Z	jq_json_relay	30
sec-regcf-ma-cache	2026-06-22T08:00Z	test_placeholder	2
sec-regcf-ma-cache	2026-06-22T08:00Z	wiki_self	9
unclassified	2026-05-24T06:00Z	data_source_us_gov	12
unclassified	2026-05-24T11:00Z	data_source_us_gov	18
unclassified	2026-05-24T11:00Z	wiki_self	1
unclassified	2026-05-24T12:00Z	data_source_us_gov	4
unclassified	2026-05-24T12:00Z	wiki_self	3
unclassified	2026-05-24T13:00Z	data_source_us_gov	6
unclassified	2026-05-24T13:00Z	wiki_self	3
unclassified	2026-05-24T14:00Z	data_source_us_gov	25
unclassified	2026-05-24T14:00Z	wiki_self	3
unclassified	2026-05-24T18:00Z	data_source_us_gov	8
unclassified	2026-05-26T05:00Z	data_source_us_gov	4
unclassified	2026-05-26T09:00Z	data_source_us_gov	1
unclassified	2026-05-26T09:00Z	fetch_proxy_markdown	1
unclassified	2026-05-26T09:00Z	test_placeholder	2
unclassified	2026-05-26T09:00Z	wiki_self	1
unclassified	2026-05-26T10:00Z	data_source_us_gov	76
unclassified	2026-05-26T10:00Z	fetch_proxy_markdown	9
unclassified	2026-05-26T10:00Z	google_docs	12
unclassified	2026-05-26T10:00Z	test_placeholder	5
unclassified	2026-05-26T10:00Z	wiki_self	36
unclassified	2026-05-26T11:00Z	data_source_us_gov	61
unclassified	2026-05-26T11:00Z	fetch_proxy_markdown	13
unclassified	2026-05-26T11:00Z	google_docs	10
unclassified	2026-05-26T11:00Z	google_translate_proxy	1
unclassified	2026-05-26T11:00Z	test_placeholder	6
unclassified	2026-05-26T11:00Z	wiki_self	73
unclassified	2026-05-26T12:00Z	data_source_us_gov	41
unclassified	2026-05-26T12:00Z	google_docs	3
unclassified	2026-05-26T12:00Z	test_placeholder	1
unclassified	2026-05-26T12:00Z	wiki_self	12
unclassified	2026-05-26T13:00Z	data_source_us_gov	82
unclassified	2026-05-26T13:00Z	fetch_proxy_markdown	20
unclassified	2026-05-26T13:00Z	test_placeholder	2
unclassified	2026-05-26T13:00Z	wiki_self	66
unclassified	2026-05-26T14:00Z	data_source_us_gov	89
unclassified	2026-05-26T14:00Z	fetch_proxy_markdown	12
unclassified	2026-05-26T14:00Z	obfuscated_or_malformed	4
unclassified	2026-05-26T14:00Z	test_placeholder	2
unclassified	2026-05-26T14:00Z	wiki_self	61
unclassified	2026-05-26T15:00Z	data_source_us_gov	46
unclassified	2026-05-26T15:00Z	fetch_proxy_markdown	38
unclassified	2026-05-26T15:00Z	test_placeholder	2
unclassified	2026-05-26T15:00Z	wiki_self	17
unclassified	2026-05-26T16:00Z	cloud_storage_dropbox	1
unclassified	2026-05-26T16:00Z	cors_proxy	2
unclassified	2026-05-26T16:00Z	data_source_us_gov	194
unclassified	2026-05-26T16:00Z	fetch_proxy_markdown	103
unclassified	2026-05-26T16:00Z	google_docs	5
unclassified	2026-05-26T16:00Z	test_placeholder	9
unclassified	2026-05-26T16:00Z	url_shortener	4
unclassified	2026-05-26T16:00Z	wiki_self	58
unclassified	2026-05-26T17:00Z	data_source_us_gov	11
unclassified	2026-05-26T17:00Z	fetch_proxy_markdown	3
unclassified	2026-05-26T17:00Z	google_docs	1
unclassified	2026-05-26T17:00Z	wiki_self	1
unclassified	2026-05-26T23:00Z	data_source_us_gov	1
unclassified	2026-05-27T00:00Z	data_source_us_gov	6
unclassified	2026-05-27T01:00Z	test_placeholder	1
unclassified	2026-05-27T02:00Z	data_source_us_gov	32
unclassified	2026-05-27T02:00Z	fetch_proxy_markdown	6
unclassified	2026-05-27T02:00Z	google_docs	4
unclassified	2026-05-27T02:00Z	test_placeholder	2
unclassified	2026-05-27T02:00Z	wiki_self	2
unclassified	2026-05-27T03:00Z	data_source_us_gov	3
unclassified	2026-05-27T04:00Z	data_source_us_gov	17
unclassified	2026-05-27T04:00Z	fetch_proxy_markdown	4
unclassified	2026-05-27T04:00Z	wiki_self	6
unclassified	2026-05-27T06:00Z	data_source_us_gov	48
unclassified	2026-05-27T06:00Z	fetch_proxy_markdown	9
unclassified	2026-05-27T06:00Z	google_docs	35
unclassified	2026-05-27T06:00Z	wiki_self	4
unclassified	2026-05-27T07:00Z	data_source_us_gov	41
unclassified	2026-05-27T07:00Z	fetch_proxy_markdown	6
unclassified	2026-05-27T07:00Z	google_docs	23
unclassified	2026-05-27T07:00Z	wiki_self	2
unclassified	2026-05-27T08:00Z	data_source_us_gov	76
unclassified	2026-05-27T08:00Z	fetch_proxy_markdown	15
unclassified	2026-05-27T08:00Z	google_docs	56
unclassified	2026-05-27T08:00Z	test_placeholder	1
unclassified	2026-05-27T08:00Z	wiki_self	5
unclassified	2026-05-27T09:00Z	data_source_us_gov	15
unclassified	2026-05-27T09:00Z	fetch_proxy_markdown	3
unclassified	2026-05-27T09:00Z	google_docs	19
unclassified	2026-05-27T09:00Z	wiki_self	1
unclassified	2026-05-27T12:00Z	data_source_us_gov	12
unclassified	2026-05-27T12:00Z	fetch_proxy_markdown	1
unclassified	2026-05-27T12:00Z	test_placeholder	1
unclassified	2026-05-27T12:00Z	wiki_self	2
unclassified	2026-05-27T13:00Z	data_source_us_gov	2
unclassified	2026-05-28T00:00Z	fetch_proxy_markdown	12
unclassified	2026-05-28T01:00Z	data_source_datausa	5
unclassified	2026-05-28T01:00Z	fetch_proxy_markdown	4
unclassified	2026-05-28T07:00Z	fetch_proxy_markdown	3
unclassified	2026-05-28T12:00Z	test_placeholder	1
unclassified	2026-05-28T13:00Z	test_placeholder	4
unclassified	2026-05-28T14:00Z	data_source_library	9
unclassified	2026-05-28T14:00Z	test_placeholder	3
unclassified	2026-05-28T18:00Z	fetch_proxy_markdown	1
unclassified	2026-05-28T19:00Z	data_source_finance	26
unclassified	2026-05-28T19:00Z	fetch_proxy_markdown	69
unclassified	2026-05-28T20:00Z	cloud_storage_dropbox	1
unclassified	2026-05-28T20:00Z	cors_proxy	6
unclassified	2026-05-28T20:00Z	fetch_proxy_markdown	5
unclassified	2026-05-28T20:00Z	url_shortener	6
unclassified	2026-05-28T21:00Z	cors_proxy	85
unclassified	2026-05-28T21:00Z	data_source_finance	3
unclassified	2026-05-28T21:00Z	fetch_proxy_markdown	12
unclassified	2026-05-28T21:00Z	jq_json_relay	12
unclassified	2026-05-28T21:00Z	url_shortener	3
unclassified	2026-05-28T22:00Z	archive_wayback	3
unclassified	2026-05-28T22:00Z	cors_proxy	12
unclassified	2026-05-28T22:00Z	data_source_finance	4
unclassified	2026-05-28T22:00Z	fetch_proxy_markdown	12
unclassified	2026-05-28T22:00Z	jq_json_relay	36
unclassified	2026-05-28T23:00Z	cors_proxy	14
unclassified	2026-05-28T23:00Z	data_source_finance	4
unclassified	2026-05-28T23:00Z	fetch_proxy_markdown	7
unclassified	2026-05-28T23:00Z	jq_json_relay	19
unclassified	2026-05-29T00:00Z	fetch_proxy_markdown	13
unclassified	2026-05-29T19:00Z	data_source_health	5
unclassified	2026-05-29T21:00Z	cors_proxy	4
unclassified	2026-05-29T21:00Z	test_placeholder	1
unclassified	2026-05-29T22:00Z	cors_proxy	86
unclassified	2026-05-29T22:00Z	data_source_health	23
unclassified	2026-05-29T22:00Z	data_source_us_gov	33
unclassified	2026-05-29T22:00Z	fetch_proxy_markdown	18
unclassified	2026-05-29T22:00Z	google_docs	19
unclassified	2026-05-29T22:00Z	jq_json_relay	4
unclassified	2026-05-29T22:00Z	obfuscated_or_malformed	1
unclassified	2026-05-29T22:00Z	test_placeholder	3
unclassified	2026-05-29T22:00Z	wiki_self	3
unclassified	2026-05-29T23:00Z	cors_proxy	71
unclassified	2026-05-29T23:00Z	data_source_health	12
unclassified	2026-05-29T23:00Z	jq_json_relay	6
unclassified	2026-05-30T17:00Z	data_source_other	7
unclassified	2026-05-30T19:00Z	fetch_proxy_markdown	3
unclassified	2026-05-30T20:00Z	cors_proxy	4
unclassified	2026-05-30T20:00Z	fetch_proxy_markdown	15
unclassified	2026-05-30T20:00Z	wiki_self	1
unclassified	2026-05-30T21:00Z	cors_proxy	4
unclassified	2026-05-30T21:00Z	fetch_proxy_markdown	1
unclassified	2026-05-30T21:00Z	wiki_self	1
unclassified	2026-05-30T22:00Z	cors_proxy	7
unclassified	2026-05-30T22:00Z	data_source_library	2
unclassified	2026-05-30T23:00Z	data_source_other	1
unclassified	2026-05-30T23:00Z	fetch_proxy_markdown	1
unclassified	2026-05-30T23:00Z	test_placeholder	1
unclassified	2026-05-31T22:00Z	data_source_datausa	6
unclassified	2026-05-31T22:00Z	fetch_proxy_markdown	6
unclassified	2026-05-31T23:00Z	data_source_datausa	7
unclassified	2026-06-01T00:00Z	data_source_datausa	1
unclassified	2026-06-01T03:00Z	data_source_datausa	12
unclassified	2026-06-01T12:00Z	test_placeholder	1
unclassified	2026-06-01T14:00Z	archive_wayback	3
unclassified	2026-06-01T14:00Z	cors_proxy	4
unclassified	2026-06-01T14:00Z	fetch_proxy_markdown	1
unclassified	2026-06-01T14:00Z	jq_json_relay	9
unclassified	2026-06-01T15:00Z	fetch_proxy_markdown	2
unclassified	2026-06-01T15:00Z	jq_json_relay	3
unclassified	2026-06-01T16:00Z	data_source_datausa	2
unclassified	2026-06-01T16:00Z	fetch_proxy_markdown	2
unclassified	2026-06-01T16:00Z	wiki_self	1
unclassified	2026-06-01T21:00Z	cors_proxy	1
unclassified	2026-06-01T21:00Z	fetch_proxy_markdown	1
unclassified	2026-06-01T22:00Z	cors_proxy	2
unclassified	2026-06-01T22:00Z	data_source_library	11
unclassified	2026-06-01T22:00Z	fetch_proxy_markdown	2
unclassified	2026-06-01T23:00Z	cors_proxy	18
unclassified	2026-06-02T08:00Z	jq_json_relay	1
unclassified	2026-06-02T09:00Z	jq_json_relay	6
unclassified	2026-06-04T16:00Z	obfuscated_or_malformed	1
unclassified	2026-06-04T16:00Z	test_placeholder	1
unclassified	2026-06-04T17:00Z	data_source_library	1
unclassified	2026-06-04T17:00Z	data_source_other	1
unclassified	2026-06-04T17:00Z	fetch_proxy_markdown	2
unclassified	2026-06-04T17:00Z	jq_json_relay	1
unclassified	2026-06-04T17:00Z	url_shortener	1
unclassified	2026-06-04T18:00Z	fetch_proxy_markdown	3
unclassified	2026-06-04T18:00Z	jq_json_relay	1
unclassified	2026-06-05T02:00Z	cors_proxy	3
unclassified	2026-06-06T19:00Z	fetch_proxy_markdown	11
unclassified	2026-06-06T23:00Z	cors_proxy	3
unclassified	2026-06-06T23:00Z	data_source_health	3
unclassified	2026-06-07T04:00Z	cors_proxy	5
unclassified	2026-06-07T04:00Z	data_source_datausa	1
unclassified	2026-06-07T04:00Z	fetch_proxy_markdown	1
unclassified	2026-06-07T04:00Z	test_placeholder	1
unclassified	2026-06-07T05:00Z	data_source_datausa	7
unclassified	2026-06-07T20:00Z	cors_proxy	13
unclassified	2026-06-07T20:00Z	data_source_finance	12
unclassified	2026-06-08T03:00Z	cors_proxy	3
unclassified	2026-06-08T03:00Z	data_source_datausa	13
unclassified	2026-06-08T03:00Z	fetch_proxy_markdown	3
unclassified	2026-06-08T03:00Z	jq_json_relay	1
unclassified	2026-06-08T03:00Z	test_placeholder	1
unclassified	2026-06-08T04:00Z	data_source_datausa	11
unclassified	2026-06-08T04:00Z	url_shortener	1
unclassified	2026-06-09T00:00Z	cors_proxy	1
unclassified	2026-06-09T09:00Z	fetch_proxy_markdown	10
unclassified	2026-06-10T13:00Z	fetch_proxy_markdown	3
unclassified	2026-06-10T14:00Z	fetch_proxy_markdown	3
unclassified	2026-06-11T03:00Z	data_source_datausa	5
unclassified	2026-06-11T03:00Z	fetch_proxy_markdown	3
unclassified	2026-06-11T03:00Z	jq_json_relay	1
unclassified	2026-06-11T03:00Z	test_placeholder	1
unclassified	2026-06-11T04:00Z	cors_proxy	1
unclassified	2026-06-11T04:00Z	wiki_self	1
unclassified	2026-06-11T05:00Z	wiki_self	4
unclassified	2026-06-11T07:00Z	cors_proxy	2
unclassified	2026-06-11T08:00Z	cloud_storage_dropbox	3
unclassified	2026-06-11T08:00Z	cors_proxy	9
unclassified	2026-06-11T08:00Z	fetch_proxy_markdown	7
unclassified	2026-06-11T10:00Z	wiki_self	3
unclassified	2026-06-11T11:00Z	archive_wayback	1
unclassified	2026-06-11T11:00Z	wiki_self	3
unclassified	2026-06-11T12:00Z	test_placeholder	1
unclassified	2026-06-11T13:00Z	archive_wayback	1
unclassified	2026-06-11T13:00Z	test_placeholder	4
unclassified	2026-06-11T13:00Z	wiki_self	8
unclassified	2026-06-11T14:00Z	cloud_storage_dropbox	2
unclassified	2026-06-11T14:00Z	google_docs	6
unclassified	2026-06-11T14:00Z	test_placeholder	1
unclassified	2026-06-11T17:00Z	cloud_storage_dropbox	3
unclassified	2026-06-16T07:00Z	data_source_datausa	45
unclassified	2026-06-16T07:00Z	obfuscated_or_malformed	2
unclassified	2026-06-16T07:00Z	test_placeholder	2
unclassified	2026-06-16T07:00Z	url_shortener	2
unclassified	2026-06-16T07:00Z	wiki_self	1
unclassified	2026-06-16T08:00Z	data_source_datausa	147
unclassified	2026-06-16T08:00Z	obfuscated_or_malformed	4
unclassified	2026-06-16T08:00Z	test_placeholder	12
unclassified	2026-06-16T08:00Z	url_shortener	5
unclassified	2026-06-16T08:00Z	wiki_self	9
unclassified	2026-06-16T09:00Z	cloud_storage_dropbox	1
unclassified	2026-06-16T09:00Z	cors_proxy	3
unclassified	2026-06-16T09:00Z	data_source_datausa	265
unclassified	2026-06-16T09:00Z	obfuscated_or_malformed	8
unclassified	2026-06-16T09:00Z	test_placeholder	16
unclassified	2026-06-16T09:00Z	url_shortener	7
unclassified	2026-06-16T09:00Z	wiki_self	20
unclassified	2026-06-16T10:00Z	cloud_storage_dropbox	1
unclassified	2026-06-16T10:00Z	cors_proxy	3
unclassified	2026-06-16T10:00Z	data_source_datausa	96
unclassified	2026-06-16T10:00Z	test_placeholder	1
unclassified	2026-06-16T11:00Z	data_source_datausa	4
unclassified	2026-06-16T11:00Z	test_placeholder	1
unclassified	2026-06-16T11:00Z	url_shortener	2
unclassified	2026-06-16T12:00Z	data_source_datausa	48
unclassified	2026-06-16T12:00Z	test_placeholder	2
unclassified	2026-06-16T13:00Z	cors_proxy	1
unclassified	2026-06-16T13:00Z	data_source_datausa	3
unclassified	2026-06-16T14:00Z	data_source_health	2
unclassified	2026-06-16T17:00Z	data_source_health	2
unclassified	2026-06-16T18:00Z	cors_proxy	4
unclassified	2026-06-16T18:00Z	data_source_datausa	656
unclassified	2026-06-16T18:00Z	obfuscated_or_malformed	2
unclassified	2026-06-16T18:00Z	test_placeholder	17
unclassified	2026-06-16T18:00Z	wiki_self	5
unclassified	2026-06-16T19:00Z	cloud_storage_dropbox	2
unclassified	2026-06-16T19:00Z	cors_proxy	6
unclassified	2026-06-16T19:00Z	data_source_datausa	1349
unclassified	2026-06-16T19:00Z	data_source_health	2
unclassified	2026-06-16T19:00Z	data_source_us_gov	7
unclassified	2026-06-16T19:00Z	fetch_proxy_markdown	87
unclassified	2026-06-16T19:00Z	test_placeholder	28
unclassified	2026-06-16T19:00Z	url_shortener	2
unclassified	2026-06-16T19:00Z	wiki_self	41
unclassified	2026-06-16T20:00Z	cloud_storage_dropbox	1
unclassified	2026-06-16T20:00Z	cors_proxy	1
unclassified	2026-06-16T20:00Z	data_source_datausa	472
unclassified	2026-06-16T20:00Z	data_source_health	2
unclassified	2026-06-16T20:00Z	fetch_proxy_markdown	27
unclassified	2026-06-16T20:00Z	test_placeholder	15
unclassified	2026-06-16T20:00Z	url_shortener	2
unclassified	2026-06-16T20:00Z	wiki_self	40
unclassified	2026-06-16T21:00Z	data_source_datausa	332
unclassified	2026-06-16T21:00Z	data_source_us_gov	4
unclassified	2026-06-16T21:00Z	test_placeholder	7
unclassified	2026-06-16T21:00Z	url_shortener	1
unclassified	2026-06-16T21:00Z	wiki_self	41
unclassified	2026-06-16T22:00Z	counter_signalling	3
unclassified	2026-06-16T22:00Z	data_source_datausa	96
unclassified	2026-06-16T22:00Z	data_source_health	4
unclassified	2026-06-16T22:00Z	data_source_us_gov	1
unclassified	2026-06-16T22:00Z	wiki_self	2
unclassified	2026-06-16T23:00Z	data_source_datausa	16
unclassified	2026-06-16T23:00Z	data_source_health	8
unclassified	2026-06-16T23:00Z	wiki_self	10
unclassified	2026-06-17T00:00Z	data_source_datausa	60
unclassified	2026-06-17T00:00Z	data_source_health	2
unclassified	2026-06-17T00:00Z	test_placeholder	6
unclassified	2026-06-17T00:00Z	wiki_self	15
unclassified	2026-06-17T01:00Z	cloud_storage_dropbox	1
unclassified	2026-06-17T01:00Z	cors_proxy	1
unclassified	2026-06-17T01:00Z	data_source_datausa	132
unclassified	2026-06-17T01:00Z	obfuscated_or_malformed	2
unclassified	2026-06-17T01:00Z	test_placeholder	3
unclassified	2026-06-17T01:00Z	url_shortener	1
unclassified	2026-06-17T02:00Z	counter_signalling	4
unclassified	2026-06-17T02:00Z	data_source_datausa	83
unclassified	2026-06-17T02:00Z	data_source_health	4
unclassified	2026-06-17T02:00Z	test_placeholder	1
unclassified	2026-06-17T02:00Z	url_shortener	5
unclassified	2026-06-17T02:00Z	wiki_self	5
unclassified	2026-06-17T03:00Z	data_source_datausa	29
unclassified	2026-06-17T03:00Z	data_source_health	6
unclassified	2026-06-17T03:00Z	test_placeholder	2
unclassified	2026-06-17T03:00Z	wiki_self	5
unclassified	2026-06-17T04:00Z	data_source_datausa	10
unclassified	2026-06-17T04:00Z	test_placeholder	2
unclassified	2026-06-17T04:00Z	wiki_self	3
unclassified	2026-06-17T05:00Z	data_source_datausa	3
unclassified	2026-06-17T05:00Z	data_source_us_gov	3
unclassified	2026-06-17T05:00Z	test_placeholder	1
unclassified	2026-06-17T05:00Z	wiki_self	8
unclassified	2026-06-17T06:00Z	cors_proxy	3
unclassified	2026-06-17T06:00Z	data_source_datausa	56
unclassified	2026-06-17T06:00Z	wiki_self	3
unclassified	2026-06-17T07:00Z	cloud_storage_dropbox	1
unclassified	2026-06-17T07:00Z	cors_proxy	5
unclassified	2026-06-17T07:00Z	data_source_datausa	101
unclassified	2026-06-17T07:00Z	data_source_health	7
unclassified	2026-06-17T07:00Z	test_placeholder	3
unclassified	2026-06-17T07:00Z	url_shortener	1
unclassified	2026-06-17T07:00Z	wiki_self	6
unclassified	2026-06-17T08:00Z	cloud_storage_dropbox	1
unclassified	2026-06-17T08:00Z	cors_proxy	3
unclassified	2026-06-17T08:00Z	data_source_datausa	55
unclassified	2026-06-17T08:00Z	data_source_us_gov	7
unclassified	2026-06-17T08:00Z	wiki_self	7
unclassified	2026-06-17T09:00Z	archive_wayback	5
unclassified	2026-06-17T09:00Z	cloud_storage_dropbox	4
unclassified	2026-06-17T09:00Z	data_source_datausa	80
unclassified	2026-06-17T09:00Z	data_source_health	7
unclassified	2026-06-17T09:00Z	fetch_proxy_markdown	3
unclassified	2026-06-17T09:00Z	url_shortener	2
unclassified	2026-06-17T09:00Z	wiki_self	30
unclassified	2026-06-17T10:00Z	cloud_storage_dropbox	5
unclassified	2026-06-17T10:00Z	data_source_datausa	67
unclassified	2026-06-17T10:00Z	data_source_us_gov	1
unclassified	2026-06-17T10:00Z	fetch_proxy_markdown	3
unclassified	2026-06-17T10:00Z	wiki_self	7
unclassified	2026-06-17T11:00Z	data_source_datausa	40
unclassified	2026-06-17T11:00Z	fetch_proxy_markdown	33
unclassified	2026-06-17T11:00Z	test_placeholder	2
unclassified	2026-06-17T11:00Z	url_shortener	2
unclassified	2026-06-17T11:00Z	wiki_self	3
unclassified	2026-06-17T12:00Z	cloud_storage_dropbox	1
unclassified	2026-06-17T12:00Z	cors_proxy	3
unclassified	2026-06-17T12:00Z	data_source_datausa	12
unclassified	2026-06-17T12:00Z	data_source_health	7
unclassified	2026-06-17T12:00Z	fetch_proxy_markdown	23
unclassified	2026-06-17T12:00Z	test_placeholder	1
unclassified	2026-06-17T12:00Z	url_shortener	2
unclassified	2026-06-17T12:00Z	wiki_self	14
unclassified	2026-06-17T15:00Z	data_source_datausa	36
unclassified	2026-06-17T16:00Z	data_source_datausa	111
unclassified	2026-06-17T16:00Z	data_source_health	2
unclassified	2026-06-17T16:00Z	data_source_us_gov	15
unclassified	2026-06-17T16:00Z	test_placeholder	13
unclassified	2026-06-17T17:00Z	data_source_datausa	43
unclassified	2026-06-17T17:00Z	url_shortener	2
unclassified	2026-06-17T18:00Z	data_source_datausa	12
unclassified	2026-06-17T18:00Z	data_source_us_gov	1
unclassified	2026-06-17T19:00Z	data_source_datausa	5
unclassified	2026-06-17T20:00Z	data_source_datausa	4
unclassified	2026-06-17T21:00Z	data_source_datausa	26
unclassified	2026-06-17T21:00Z	fetch_proxy_markdown	11
unclassified	2026-06-17T21:00Z	test_placeholder	1
unclassified	2026-06-17T21:00Z	url_shortener	1
unclassified	2026-06-17T23:00Z	data_source_datausa	7
unclassified	2026-06-18T00:00Z	data_source_datausa	26
unclassified	2026-06-18T00:00Z	data_source_health	1
unclassified	2026-06-18T00:00Z	url_shortener	1
unclassified	2026-06-18T00:00Z	wiki_self	1
unclassified	2026-06-18T05:00Z	data_source_datausa	5
unclassified	2026-06-18T05:00Z	data_source_health	1
unclassified	2026-06-18T05:00Z	data_source_publishing	7
unclassified	2026-06-18T05:00Z	fetch_proxy_markdown	4
unclassified	2026-06-18T05:00Z	url_shortener	1
unclassified	2026-06-18T05:00Z	wiki_self	1
unclassified	2026-06-18T06:00Z	fetch_proxy_markdown	1
unclassified	2026-06-18T10:00Z	google_docs	4
unclassified	2026-06-18T11:00Z	data_source_datausa	8
unclassified	2026-06-18T13:00Z	data_source_datausa	1
unclassified	2026-06-18T14:00Z	cors_proxy	24
unclassified	2026-06-18T14:00Z	data_source_datausa	45
unclassified	2026-06-18T14:00Z	data_source_health	1
unclassified	2026-06-18T14:00Z	data_source_publishing	2
unclassified	2026-06-18T14:00Z	data_source_us_gov	17
unclassified	2026-06-18T14:00Z	fetch_proxy_markdown	34
unclassified	2026-06-18T14:00Z	test_placeholder	5
unclassified	2026-06-18T14:00Z	url_shortener	4
unclassified	2026-06-18T14:00Z	wiki_self	17
unclassified	2026-06-18T15:00Z	data_source_datausa	23
unclassified	2026-06-18T15:00Z	data_source_health	1
unclassified	2026-06-18T15:00Z	data_source_library	2
unclassified	2026-06-18T15:00Z	data_source_publishing	2
unclassified	2026-06-18T15:00Z	fetch_proxy_markdown	7
unclassified	2026-06-18T15:00Z	jq_json_relay	19
unclassified	2026-06-18T15:00Z	url_shortener	3
unclassified	2026-06-18T15:00Z	wiki_self	8
unclassified	2026-06-18T16:00Z	data_source_datausa	39
unclassified	2026-06-18T16:00Z	data_source_health	1
unclassified	2026-06-18T16:00Z	data_source_publishing	2
unclassified	2026-06-18T16:00Z	data_source_sec_investor	7
unclassified	2026-06-18T16:00Z	fetch_proxy_markdown	27
unclassified	2026-06-18T16:00Z	jq_json_relay	1
unclassified	2026-06-18T16:00Z	test_placeholder	4
unclassified	2026-06-18T16:00Z	url_shortener	3
unclassified	2026-06-18T16:00Z	wiki_self	4
unclassified	2026-06-18T17:00Z	cors_proxy	18
unclassified	2026-06-18T17:00Z	data_source_datausa	3
unclassified	2026-06-18T17:00Z	data_source_library	1
unclassified	2026-06-18T17:00Z	data_source_sec_investor	8
unclassified	2026-06-18T17:00Z	fetch_proxy_markdown	3
unclassified	2026-06-18T17:00Z	jq_json_relay	18
unclassified	2026-06-18T17:00Z	test_placeholder	12
unclassified	2026-06-18T17:00Z	url_shortener	30
unclassified	2026-06-18T17:00Z	wiki_self	52
unclassified	2026-06-18T18:00Z	cors_proxy	5
unclassified	2026-06-18T18:00Z	data_source_datausa	2
unclassified	2026-06-18T18:00Z	data_source_library	2
unclassified	2026-06-18T18:00Z	data_source_sec_investor	57
unclassified	2026-06-18T18:00Z	data_source_us_gov	16
unclassified	2026-06-18T18:00Z	fetch_proxy_markdown	4
unclassified	2026-06-18T18:00Z	google_docs	1
unclassified	2026-06-18T18:00Z	jq_json_relay	60
unclassified	2026-06-18T18:00Z	obfuscated_or_malformed	5
unclassified	2026-06-18T18:00Z	test_placeholder	6
unclassified	2026-06-18T18:00Z	url_shortener	20
unclassified	2026-06-18T18:00Z	wiki_self	198
unclassified	2026-06-18T19:00Z	cors_proxy	7
unclassified	2026-06-18T19:00Z	data_source_datausa	2
unclassified	2026-06-18T19:00Z	data_source_sec_investor	22
unclassified	2026-06-18T19:00Z	fetch_proxy_markdown	36
unclassified	2026-06-18T19:00Z	jq_json_relay	7
unclassified	2026-06-18T19:00Z	test_placeholder	29
unclassified	2026-06-18T19:00Z	wiki_self	456
unclassified	2026-06-18T20:00Z	cors_proxy	3
unclassified	2026-06-18T20:00Z	data_source_sec_investor	53
unclassified	2026-06-18T20:00Z	fetch_proxy_markdown	31
unclassified	2026-06-18T20:00Z	jq_json_relay	68
unclassified	2026-06-18T20:00Z	test_placeholder	19
unclassified	2026-06-18T20:00Z	wiki_self	5328
unclassified	2026-06-18T21:00Z	data_source_sec_investor	1952
unclassified	2026-06-18T21:00Z	jq_json_relay	4
unclassified	2026-06-18T21:00Z	test_placeholder	4
unclassified	2026-06-18T21:00Z	wiki_self	7752
unclassified	2026-06-18T23:00Z	wiki_self	10
unclassified	2026-06-19T00:00Z	test_placeholder	1
unclassified	2026-06-19T00:00Z	wiki_self	10
unclassified	2026-06-19T01:00Z	jq_json_relay	34
unclassified	2026-06-19T01:00Z	wiki_self	9
unclassified	2026-06-19T03:00Z	data_source_datausa	8
unclassified	2026-06-19T03:00Z	fetch_proxy_markdown	1
unclassified	2026-06-19T03:00Z	wiki_self	1
unclassified	2026-06-19T04:00Z	cors_proxy	2
unclassified	2026-06-19T04:00Z	data_source_datausa	3
unclassified	2026-06-19T05:00Z	data_source_datausa	32
unclassified	2026-06-19T09:00Z	data_source_datausa	14
unclassified	2026-06-19T11:00Z	data_source_datausa	8
unclassified	2026-06-19T12:00Z	data_source_datausa	51
unclassified	2026-06-19T13:00Z	cloud_storage_dropbox	7
unclassified	2026-06-19T13:00Z	cors_proxy	7
unclassified	2026-06-19T13:00Z	data_source_datausa	75
unclassified	2026-06-19T13:00Z	data_source_health	14
unclassified	2026-06-19T13:00Z	fetch_proxy_markdown	7
unclassified	2026-06-19T13:00Z	wiki_self	10
unclassified	2026-06-19T14:00Z	data_source_datausa	2
unclassified	2026-06-19T15:00Z	counter_signalling	2
unclassified	2026-06-19T15:00Z	data_source_datausa	1
unclassified	2026-06-19T15:00Z	test_placeholder	1
unclassified	2026-06-19T16:00Z	data_source_datausa	2
unclassified	2026-06-19T17:00Z	data_source_datausa	2
unclassified	2026-06-19T18:00Z	data_source_datausa	1
unclassified	2026-06-19T19:00Z	data_source_datausa	6
unclassified	2026-06-19T19:00Z	test_placeholder	1
unclassified	2026-06-19T20:00Z	data_source_datausa	16
unclassified	2026-06-19T20:00Z	test_placeholder	1
unclassified	2026-06-19T21:00Z	data_source_datausa	8
unclassified	2026-06-19T23:00Z	data_source_datausa	2
unclassified	2026-06-20T00:00Z	data_source_datausa	8
unclassified	2026-06-20T01:00Z	data_source_datausa	4
unclassified	2026-06-20T01:00Z	wiki_self	30
unclassified	2026-06-20T02:00Z	data_source_datausa	1
unclassified	2026-06-20T03:00Z	data_source_datausa	1
unclassified	2026-06-20T06:00Z	data_source_datausa	3
unclassified	2026-06-20T06:00Z	data_source_health	1
unclassified	2026-06-20T11:00Z	data_source_datausa	6
unclassified	2026-06-20T17:00Z	data_source_datausa	2
unclassified	2026-06-20T18:00Z	fetch_proxy_markdown	1
unclassified	2026-06-20T19:00Z	fetch_proxy_markdown	2
unclassified	2026-06-20T20:00Z	fetch_proxy_markdown	5
unclassified	2026-06-20T21:00Z	fetch_proxy_markdown	21
unclassified	2026-06-20T22:00Z	data_source_health	1
unclassified	2026-06-21T01:00Z	data_source_datausa	7
unclassified	2026-06-21T02:00Z	data_source_datausa	1
unclassified	2026-06-21T03:00Z	cloud_storage_dropbox	3
unclassified	2026-06-21T03:00Z	cors_proxy	3
unclassified	2026-06-21T03:00Z	data_source_datausa	31
unclassified	2026-06-21T03:00Z	data_source_health	6
unclassified	2026-06-21T03:00Z	fetch_proxy_markdown	3
unclassified	2026-06-21T03:00Z	wiki_self	9
unclassified	2026-06-21T06:00Z	data_source_datausa	2
unclassified	2026-06-21T07:00Z	data_source_datausa	1
unclassified	2026-06-21T08:00Z	data_source_datausa	14
unclassified	2026-06-21T09:00Z	cors_proxy	1
unclassified	2026-06-21T10:00Z	data_source_datausa	10
unclassified	2026-06-21T10:00Z	test_placeholder	1
unclassified	2026-06-21T11:00Z	data_source_datausa	14
unclassified	2026-06-21T11:00Z	fetch_proxy_markdown	1
unclassified	2026-06-21T15:00Z	data_source_datausa	2
unclassified	2026-06-21T16:00Z	data_source_datausa	10
unclassified	2026-06-21T17:00Z	cloud_storage_dropbox	1
unclassified	2026-06-21T17:00Z	cors_proxy	2
unclassified	2026-06-21T17:00Z	data_source_datausa	31
unclassified	2026-06-21T17:00Z	data_source_health	3
unclassified	2026-06-21T17:00Z	fetch_proxy_markdown	1
unclassified	2026-06-21T17:00Z	test_placeholder	2
unclassified	2026-06-21T17:00Z	wiki_self	4
unclassified	2026-06-21T18:00Z	cloud_storage_dropbox	3
unclassified	2026-06-21T18:00Z	cors_proxy	3
unclassified	2026-06-21T18:00Z	data_source_datausa	51
unclassified	2026-06-21T18:00Z	data_source_health	7
unclassified	2026-06-21T18:00Z	fetch_proxy_markdown	6
unclassified	2026-06-21T18:00Z	jq_json_relay	17
unclassified	2026-06-21T18:00Z	wiki_self	20
unclassified	2026-06-21T19:00Z	data_source_health	17
unclassified	2026-06-21T19:00Z	wiki_self	4
unclassified	2026-06-21T20:00Z	cors_proxy	8
unclassified	2026-06-21T20:00Z	data_source_health	13
unclassified	2026-06-21T20:00Z	fetch_proxy_markdown	3
unclassified	2026-06-21T21:00Z	cors_proxy	3
unclassified	2026-06-21T21:00Z	data_source_datausa	22
unclassified	2026-06-21T21:00Z	data_source_health	4
unclassified	2026-06-21T21:00Z	wiki_self	3
unclassified	2026-06-21T23:00Z	data_source_datausa	83
unclassified	2026-06-21T23:00Z	fetch_proxy_markdown	2
unclassified	2026-06-21T23:00Z	test_placeholder	4
unclassified	2026-06-21T23:00Z	wiki_self	2
unclassified	2026-06-22T00:00Z	data_source_datausa	115
unclassified	2026-06-22T00:00Z	wiki_self	2
unclassified	2026-06-22T02:00Z	cors_proxy	1
unclassified	2026-06-22T02:00Z	data_source_datausa	1679
unclassified	2026-06-22T02:00Z	data_source_us_gov	7
unclassified	2026-06-22T02:00Z	fetch_proxy_markdown	2
unclassified	2026-06-22T02:00Z	google_docs	6
unclassified	2026-06-22T02:00Z	test_placeholder	9
unclassified	2026-06-22T02:00Z	wiki_self	24
unclassified	2026-06-22T03:00Z	data_source_datausa	340
unclassified	2026-06-22T06:00Z	data_source_datausa	216
unclassified	2026-06-22T06:00Z	wiki_self	5
unclassified	2026-06-22T07:00Z	data_source_datausa	32
unclassified	2026-06-22T07:00Z	wiki_self	2
unclassified	2026-06-22T08:00Z	data_source_datausa	2017
unclassified	2026-06-22T08:00Z	data_source_us_gov	2
unclassified	2026-06-22T08:00Z	fetch_proxy_markdown	3
unclassified	2026-06-22T08:00Z	test_placeholder	13
unclassified	2026-06-22T08:00Z	url_shortener	1
unclassified	2026-06-22T08:00Z	wiki_self	70
unclassified	2026-06-22T09:00Z	data_source_datausa	97
unclassified	2026-06-22T09:00Z	data_source_us_gov	6
unclassified	2026-07-01T00:00Z	data_source_datausa	6
unclassified	2026-07-01T10:00Z	archive_wayback	2
unclassified	2026-07-01T10:00Z	cors_proxy	1
unclassified	2026-07-02T15:00Z	data_source_datausa	6
unclassified	2026-07-02T16:00Z	data_source_datausa	21
unclassified	2026-07-02T17:00Z	data_source_datausa	2
unclassified	2026-07-02T17:00Z	test_placeholder	1
vocab-puzzle-refs	2026-06-20T13:00Z	cors_proxy	6
vocab-puzzle-refs	2026-06-20T13:00Z	data_source_other	3
vocab-puzzle-refs	2026-06-20T13:00Z	url_shortener	2
