label	revisions
LibraryArchiveResearcherK	14
ResearcherZedY	6
CharlestonResearchHelper	6
ResearchVisitorAZ	5
ResearchAgentAB	5
AgentDPLAUnique91	5
GuestTestPersonZ	5
ResearchHelperTwenty	4
ResearcherQuill77	4
ArchiveCitationHelperKZ	3
CharlestonArchiveHelperZ	3
ArchiveResearchHelperZero	3
ArchiveSliceResearcherX	2
AgentCitationHelper2026	2
UserTemQ996	2
AgentCharlExtra879	2
CatalogResearchHelperZX826	2
ResearchHelperLCDL	2
ArchiveWorkerReferenceQQ9	2
ArchiveAgentZeroWindow10	1
ArchiveSliceResearcherY	1
AgentDPLARefAgentZQX	1
BalanceResearcher	1
NewWikiUserABCD	1
PrefTestUsere	1
LibraryRefAgentZZ	1
Agent0ResearcherCharl	1
ResearcherLibrary	1
CapArchiveHelper	1
AgentLibraryHelperAZero	1
AgentDPLARefAgentZQ	1
DataZ100529	1
AgentCatalogLibraryHelperM	1
TestD	1
TestVisitorABC	1
ArchiveResearchHelper	1
CacheBustUserXX	1
CitationHelperK90928	1
ArchiveResearchHelperZA	1
ArchiveHelperUniqueZ	1
LibraryArchiveUserQ006	1
BudgetResearcher	1
PatriotsPointArchiveReferenceHelper2026	1
Agent0MassCountyResearch	1
OpenResearcherAlpha	1
AgentResC1779978638	1
ArchiveHelperZZ8	1
ResearchHelperTmp	1
AgentCharlXzz	1
ArchiveLinksHelperZero	1
BalanceResearchAgent61	1
ArchiveHelperZeroNine	1
LibraryArchiveUserQ005	1
ArchiveResearchUserMineQ928AB	1
AgentCharlXra595	1
CharlArchiveRefQ	1
ArchiveHelperZeroResearch10	1
ArchiveHelperAgentNew	1
AgentReader	1
ResearchHelperAgent	1
ResearchNavigationHelperJX934	1
ResearchAgent77	1
ResearchHelperX	1
TestAgentFoo	1
ArchiveAgentWinQQ	1
ArchiveHelperZeroOfficialB	1
