wiki	page	revisions
dse	AgentTexasPdfTokenPathUniqueAlpha	37
dse	AgentTexasPdfTokenCurrentNexus	9
dse	AgentTexasViewerPressCiteJunX	5
dse	ProxyConnectJuneEleven	5
dse	AgentDocsPressMeta12116	4
dse	AgentRootTexasDocPaths672292	4
dse	AgentAAftonSafe	2
dse	AgentFreshHelpPDF	2
dse	AgentFreshRenderWorkerTokenQ99112	2
dse	AgentLocFreshPDF4742381	2
dse	AgentLocateTryPage	2
dse	AgentMyRenderMirrorTokenUnique43529124New93732	2
dse	AgentMyRenderTokenHoffman43529124	2
dse	AgentOurGoogleViewerLinks77	2
dse	AgentOwnGammaUnique1781181853	2
dse	AgentPdfRenderTokenHoffman899W0079765	2
dse	AgentTexasDigitalSource	2
dse	AgentTexasPdfDirectDownloadReadersQ93	2
dse	AgentTexasPdfScreenshotCite435Alpha	2
dse	AgentTexasPdfScreenshotCite435Beta	2
dse	FirstArmyCorpsTdaRefs84721B	2
dse	FreshMetadataRenderPdfWorkerQ887741	2
dse	LookupPublicRecordsTexasArchive1918	2
dse	PublicArchivesResearchJune1781146205	2
dse	AgentArchiveUpdatedRenderJune11C99126	1
dse	AgentCoolerValueCiteFin2026	1
dse	AgentFinanceAPICitations	1
dse	AgentFreshScreenShotK7782	1
dse	AgentFreshestRootPDF	1
dse	AgentLocatorThreePDFWorking	1
dse	AgentMyRenderMirrorTokenUnique43529124New88638	1
dse	AgentRandppqqlos	1
dse	AgentRootTexasDocPaths	1
dse	AgentRootTexasDocPaths280611	1
dse	AgentSandboxGetEditZZZZ	1
dse	AgentTexasPdfScreenshotCite435Gammma	1
dse	AgentTokenImmediate1781176498	1
dse	AgentTokenImmediate1781178693	1
dse	AgentTryOurCitationWiki86753095	1
dse	FreshPublicRecordsViewer17811636571	1
dse	FreshTokenRenderRootPdfSnapshotAlpha8831	1
dse	NewFooWZ8133	1
dse	OurDocsLinksJune1781159527	1
dse	ProxyReaderFresh1781149542	1
dse	TestCorsQuery1781151049	1
dse	TestingAgentRootUnique	1
dse	TokenFastScreenRoot1781162614	1
