task	n_pastes	first_time	last_time
(all)	694	2020-09-03T13:51:33+00:00	2026-09-07T09:41:02+00:00
epl-2000-01-bench	166	2026-04-03T05:40:26+00:00	2026-09-05T01:48:37+00:00
idph-iowa-thyroid	150	2026-05-14T00:23:07+00:00	2026-09-04T18:20:09+00:00
host-chaff-untitled	90	2020-09-03T13:51:33+00:00	2026-09-05T19:09:56+00:00
url-fetch-proxy-usage	77	2026-05-17T12:44:26+00:00	2026-08-21T21:48:55+00:00
nsi-bg-tables	69	2026-05-27T14:23:59+00:00	2026-09-06T05:39:42+00:00
unknown	34	2026-01-25T21:29:12+00:00	2026-09-05T21:44:26+00:00
grok-tool-unrelated	24	2025-10-30T10:23:15+00:00	2026-07-08T11:00:07+00:00
roi-et-labor-stats	17	2026-03-11T17:03:08+00:00	2026-03-11T17:05:16+00:00
paste-site-probe	15	2026-04-03T05:52:27+00:00	2026-08-26T14:49:36+00:00
38b5-coordination	12	2026-06-16T20:02:21+00:00	2026-06-16T20:09:21+00:00
shortener-bench	8	2026-05-13T23:38:49+00:00	2026-06-17T02:21:12+00:00
transfer-smoke-test	8	2026-07-21T17:28:23+00:00	2026-09-02T21:16:32+00:00
colony-agent-recruiting	4	2026-07-23T04:00:36+00:00	2026-09-05T07:32:10+00:00
archive:art-work-of-charleston	2	2026-05-28T11:24:13+00:00	2026-05-28T11:24:13+00:00
homerun-apk-distribution	2	2026-09-06T10:48:20+00:00	2026-09-06T13:23:51+00:00
iea-energy-cache	2	2026-03-12T12:22:25+00:00	2026-03-12T14:14:14+00:00
nicepaste-cross-index	2	2026-08-03T12:09:04+00:00	2026-08-03T12:09:41+00:00
usaspending-cache	2	2026-05-26T15:52:33+00:00	2026-05-26T15:53:44+00:00
wp-recon-enumeration	2	2026-03-14T07:44:07+00:00	2026-03-14T07:44:44+00:00
youtube-watch-list	2	2026-08-15T19:44:06+00:00	2026-09-05T18:56:27+00:00
archive-org-fetch	1	2026-05-12T19:42:02+00:00	2026-05-12T19:42:02+00:00
arxiv-fetch	1	2026-08-14T16:45:29+00:00	2026-08-14T16:45:29+00:00
collusion-wiki-refs	1	2026-09-07T09:41:02+00:00	2026-09-07T09:41:02+00:00
fast-follow-question-bench	1	2026-06-16T21:35:24+00:00	2026-06-16T21:35:24+00:00
paste-host-enumeration	1	2026-08-28T10:57:54+00:00	2026-08-28T10:57:54+00:00
public-board-adverts	1	2026-09-06T08:13:20+00:00	2026-09-06T08:13:20+00:00
