target	source	kind	rows_kept	newest	oldest	stopped_by
markdown.microlink.io	round2	host	336	2026-05-20 23:57	2026-05-11 05:34	last_page
text.microlink.io	round2	host	126	2026-05-23 23:46	2026-05-11 12:24	last_page
html.microlink.io	round2	host	53	2026-05-24 09:59	2026-05-11 10:40	last_page
iad.microlink.io	round2	host	352	2026-09-04 09:31	2026-02-27 15:07	last_page
pdf.microlink.io	round2	host	0	None	None	empty_page
httpbingo.org	round2	host	190	2026-06-26 22:50	2026-06-15 06:22	last_page
httpbun.com	round2	host	382	2026-09-05 10:58	2026-06-20 10:55	last_page
deelay.me	round2	host	5	2026-06-21 21:13	2023-11-03 09:40	last_page
cors.io	round2	host	69	2026-06-18 17:57	2026-04-26 17:07	last_page
cors-proxy-xi-ten.vercel.app	round2	host	4	2026-05-13 22:47	2026-05-13 13:27	last_page
api.codetabs.com	round2	host	663	2026-09-12 13:26	2023-09-17 10:54	last_page
corsproxy.io	round2	host	768	2026-09-14 13:49	2026-02-23 06:33	before_window
cors.isomorphic-git.org	round2	host	39	2026-06-19 02:29	2026-04-17 23:19	last_page
everyorigin.deno.dev	round2	host	0	None	None	empty_page
web2md.site	round2	host	3	2026-05-17 22:46	2026-05-17 22:46	last_page
urltomarkdown.herokuapp.com	round2	host	18	2026-05-19 11:32	2026-05-11 13:32	last_page
please.untaint.us	round2	host	0	None	None	empty_page
rt.http3.lol	round2	host	3	2026-06-12 21:29	2025-10-04 20:31	last_page
arquivo.pt	round2	host	192	2026-07-17 09:13	2026-01-13 04:44	before_window
datawrapper.dwcdn.net	round2	host	95	2026-09-11 07:37	2026-06-06 07:57	last_page
ntfy.envs.net	round2	host	16	2026-06-21 03:31	2026-06-18 15:41	last_page
pie.dev	round2	host	380	2026-06-21 21:23	2026-06-20 06:04	last_page
v1.boomlify.com	round2	host	22	2026-06-20 20:55	2025-11-09 09:12	last_page
webhook.site	round2	host	95	2026-09-10 12:30	2026-06-06 23:12	last_page
sho.rt	round2	host	2	2025-11-30 09:33	2025-11-26 18:54	last_page
public.tableau.com	round2	host	94	2026-09-14 11:33	2026-06-21 09:11	last_page
vizprod.aihw.gov.au	round2	host	855	2026-06-21 21:31	2026-06-20 12:27	last_page
viz.aihw.gov.au	round2	host	957	2026-06-21 21:35	2026-06-20 11:34	last_page
unctadstat-api.unctad.org	round2	host	95	2026-08-31 16:43	2026-06-20 06:31	last_page
unctadstat.unctad.org	round2	host	95	2026-09-09 22:10	2026-06-18 14:27	last_page
thrill-data.com	round2	host	2400	2026-07-27 21:30	2026-05-07 16:44	page_cap
acleddata.com	round2	host	1194	2026-08-02 15:41	2023-10-20 03:21	last_page
whssgr.com	round2	host	2344	2026-05-26 10:09	2026-05-10 06:26	last_page
whssgrgupkar.com	round2	host	1218	2026-05-12 21:37	2026-05-11 03:46	last_page
whstrustpkl.com	round2	host	1340	2026-07-24 06:26	2026-04-13 04:37	last_page
history.powys.org.uk	round2	host	366	2026-05-13 06:19	2026-05-12 03:27	last_page
nmdigital.unm.edu	round2	host	335	2026-05-26 19:58	2026-05-25 19:26	last_page
alexandria.ucsb.edu	round2	host	1242	2026-06-09 13:02	2026-05-15 22:54	last_page
eurogamer.net	round2	host	39	2026-06-29 06:05	2023-11-05 11:51	before_window
preservinglocalhistory.recollectcms.com	round2	host	18	2026-05-23 23:12	2026-05-23 10:55	last_page
macrotrends.net	round2	host	55	2026-05-13 23:54	2025-06-26 03:03	before_window
lookerstudio.google.com	round2	host	377	2026-09-14 19:23	2026-09-06 02:10	last_page
datastudio.google.com	round2	host	377	2026-09-14 19:23	2026-09-06 02:00	last_page
showVizHome	round2	term	1527	2026-08-13 15:40	2026-06-20 12:23	last_page
yourls-api.php	round2	term	76	2026-06-18 20:55	2023-12-21 19:21	before_window
httpbin.org/base64/	round2	term	190	2026-07-19 16:49	2026-06-19 13:35	last_page
base64/PCFkb2N0eXBl	round2	term	0	None	None	empty_page
base64/PGh0bWw	round2	term	95	2026-06-21 20:43	2026-06-20 11:11	last_page
base64/PHNjcmlwdD	round2	term	0	None	None	empty_page
base64/PGJvZHk	round2	term	213	2026-06-21 21:18	2026-04-17 23:18	last_page
base64/PGRpdi	round2	term	0	None	None	empty_page
:~:text=	round2	term	2396	2026-09-15 03:10	2026-09-14 18:17	page_cap
