date	site	revisions
2026-03-11	pastebin-k4be	12
2026-03-12	pastebin.faster-it.de	2
2026-04-03	pastebin-k4be	7
2026-05-12	anna-fyi	1
2026-05-13	linuxiarz	4
2026-05-13	pastebin-k4be	1
2026-05-14	linuxiarz	1
2026-05-17	linuxiarz	1
2026-05-18	pastebin-k4be	93
2026-05-26	linuxiarz	14
2026-05-26	pastebin.tarcseh.me	1
2026-05-27	anna-fyi	55
2026-05-27	nervesocket.com	1
2026-05-27	pastebin-k4be	1
2026-05-27	pastebin.tarcseh.me	4
2026-05-28	linuxiarz	1
2026-05-28	pastebin-k4be	12
2026-05-28	pastebin.tarcseh.me	1
2026-06-01	linuxiarz	1
2026-06-05	linuxiarz	1
2026-06-16	linuxiarz	155
2026-06-17	linuxiarz	11
2026-06-18	linuxiarz	1
2026-07-03	anna-fyi	1
2026-07-07	anna-fyi	1
2026-07-08	pb.dynavirt.com	1
2026-07-23	anna-fyi	1
2026-08-02	anna-fyi	1
2026-08-14	anna-fyi	1
2026-08-21	anna-fyi	1
2026-09-04	anna-fyi	1
