date	hour	revisions
2026-05-24	06	3
2026-05-24	11	4
2026-05-24	12	1
2026-05-24	13	7
2026-05-24	14	14
2026-05-24	15	3
2026-05-24	16	1
2026-05-24	18	2
2026-05-26	05	1
2026-05-26	09	3
2026-05-26	10	23
2026-05-26	11	52
2026-05-26	12	33
2026-05-26	13	81
2026-05-26	14	78
2026-05-26	15	58
2026-05-26	16	105
2026-05-26	17	1
2026-05-26	23	1
2026-05-27	00	2
2026-05-27	01	2
2026-05-27	02	5
2026-05-27	03	1
2026-05-27	04	3
2026-05-27	06	4
2026-05-27	07	8
2026-05-27	08	8
2026-05-27	09	1
2026-05-27	12	12
2026-05-27	13	2
2026-05-28	00	9
2026-05-28	01	9
2026-05-28	07	4
2026-05-28	08	1
2026-05-28	09	3
2026-05-28	11	1
2026-05-28	12	6
2026-05-28	13	32
2026-05-28	14	43
2026-05-28	15	33
2026-05-28	16	13
2026-05-28	17	1
2026-05-28	18	1
2026-05-28	19	15
2026-05-28	20	5
2026-05-28	21	13
2026-05-28	22	12
2026-05-28	23	9
2026-05-29	00	2
2026-05-29	19	3
2026-05-29	21	4
2026-05-29	22	40
2026-05-29	23	28
2026-05-30	17	6
2026-05-30	19	3
2026-05-30	20	8
2026-05-30	21	8
2026-05-30	22	11
2026-05-30	23	8
2026-05-31	00	9
2026-05-31	22	2
2026-05-31	23	5
2026-06-01	00	4
2026-06-01	03	7
2026-06-01	12	9
2026-06-01	13	15
2026-06-01	14	75
2026-06-01	15	12
2026-06-01	16	4
2026-06-01	21	1
2026-06-01	22	3
2026-06-01	23	10
2026-06-02	08	1
2026-06-02	09	1
2026-06-02	23	2
2026-06-04	10	1
2026-06-04	16	1
2026-06-04	17	2
2026-06-04	18	1
2026-06-05	02	2
2026-06-06	07	5
2026-06-06	08	1
2026-06-06	19	5
2026-06-06	23	1
2026-06-07	04	5
2026-06-07	05	6
2026-06-07	20	2
2026-06-08	03	7
2026-06-08	04	7
2026-06-09	00	2
2026-06-09	09	4
2026-06-10	13	4
2026-06-10	14	2
2026-06-11	02	3
2026-06-11	03	12
2026-06-11	04	12
2026-06-11	05	14
2026-06-11	06	12
2026-06-11	07	13
2026-06-11	08	6
2026-06-11	09	7
2026-06-11	10	6
2026-06-11	11	6
2026-06-11	12	8
2026-06-11	13	21
2026-06-11	14	25
2026-06-11	15	5
2026-06-11	16	4
2026-06-11	17	5
2026-06-11	18	1
2026-06-11	19	1
2026-06-16	07	31
2026-06-16	08	50
2026-06-16	09	101
2026-06-16	10	141
2026-06-16	11	72
2026-06-16	12	36
2026-06-16	13	8
2026-06-16	14	4
2026-06-16	15	1
2026-06-16	17	1
2026-06-16	18	292
2026-06-16	19	749
2026-06-16	20	390
2026-06-16	21	393
2026-06-16	22	238
2026-06-16	23	96
2026-06-17	00	107
2026-06-17	01	176
2026-06-17	02	190
2026-06-17	03	119
2026-06-17	04	37
2026-06-17	05	34
2026-06-17	06	72
2026-06-17	07	78
2026-06-17	08	44
2026-06-17	09	51
2026-06-17	10	28
2026-06-17	11	26
2026-06-17	12	29
2026-06-17	13	17
2026-06-17	14	3
2026-06-17	15	23
2026-06-17	16	86
2026-06-17	17	52
2026-06-17	18	31
2026-06-17	19	27
2026-06-17	20	19
2026-06-17	21	23
2026-06-17	22	16
2026-06-17	23	9
2026-06-18	00	14
2026-06-18	01	9
2026-06-18	02	2
2026-06-18	03	3
2026-06-18	04	8
2026-06-18	05	7
2026-06-18	06	8
2026-06-18	07	4
2026-06-18	08	2
2026-06-18	09	3
2026-06-18	10	4
2026-06-18	11	4
2026-06-18	12	2
2026-06-18	13	3
2026-06-18	14	50
2026-06-18	15	146
2026-06-18	16	216
2026-06-18	17	427
2026-06-18	18	913
2026-06-18	19	1263
2026-06-18	20	2350
2026-06-18	21	1052
2026-06-18	22	17
2026-06-18	23	36
2026-06-19	00	47
2026-06-19	01	28
2026-06-19	02	7
2026-06-19	03	34
2026-06-19	04	7
2026-06-19	05	12
2026-06-19	06	5
2026-06-19	07	9
2026-06-19	08	10
2026-06-19	09	15
2026-06-19	10	14
2026-06-19	11	14
2026-06-19	12	53
2026-06-19	13	46
2026-06-19	14	34
2026-06-19	15	16
2026-06-19	16	9
2026-06-19	17	4
2026-06-19	18	14
2026-06-19	19	23
2026-06-19	20	48
2026-06-19	21	22
2026-06-19	22	14
2026-06-19	23	24
2026-06-20	00	45
2026-06-20	01	98
2026-06-20	02	83
2026-06-20	03	59
2026-06-20	04	16
2026-06-20	05	63
2026-06-20	06	60
2026-06-20	08	18
2026-06-20	09	37
2026-06-20	10	34
2026-06-20	11	29
2026-06-20	12	19
2026-06-20	13	18
2026-06-20	14	10
2026-06-20	15	2
2026-06-20	16	4
2026-06-20	17	15
2026-06-20	18	12
2026-06-20	19	9
2026-06-20	20	7
2026-06-20	21	15
2026-06-20	22	2
2026-06-20	23	2
2026-06-21	01	11
2026-06-21	02	23
2026-06-21	03	41
2026-06-21	05	11
2026-06-21	06	33
2026-06-21	07	32
2026-06-21	08	59
2026-06-21	09	39
2026-06-21	10	45
2026-06-21	11	27
2026-06-21	12	24
2026-06-21	13	35
2026-06-21	14	19
2026-06-21	15	12
2026-06-21	16	12
2026-06-21	17	29
2026-06-21	18	36
2026-06-21	19	46
2026-06-21	20	41
2026-06-21	21	33
2026-06-21	22	21
2026-06-21	23	30
2026-06-22	00	48
2026-06-22	01	3
2026-06-22	02	411
2026-06-22	03	73
2026-06-22	06	42
2026-06-22	07	7
2026-06-22	08	463
2026-06-22	09	23
2026-06-22	19	1
2026-06-23	17	1
2026-06-24	13	1
2026-07-01	00	2
2026-07-01	10	5
2026-07-02	15	2
2026-07-02	16	8
2026-07-02	17	4
